File,Gamma,V,T,E,V_living,G_Edges,BBR19,LS,LSAR,DEC
rollernet2741,2,62,4,6142,246,4176,57,61,61,60
rollernet3254,2,62,4,5329,243,3401,58,59,59,58
rollernet3202,2,62,4,5508,244,3573,57,60,60,58
rollernet2756,2,62,4,6126,246,4161,57,61,60,60
rollernet2408,2,62,5,6822,306,4738,61,61,60,73
rollernet1251,2,62,8,10081,487,7070,102,117,118,123
rollernet3470,2,62,3,4988,185,3078,31,30,31,31
rollernet3469,2,62,3,4988,185,3078,31,30,31,31
rollernet3448,2,62,3,4985,185,3076,31,30,31,31
rollernet1284,2,62,8,10050,487,7118,106,116,118,121
rollernet1228,2,62,9,10422,545,7399,115,120,120,134
rollernet1779,2,62,6,8367,369,6020,78,89,90,80
rollernet3333,2,62,3,4978,185,3068,31,30,31,31
rollernet1706,2,62,6,8433,369,6071,84,90,91,91
rollernet1177,2,62,9,10867,546,7868,116,120,120,132
rollernet3190,2,62,4,5526,244,3591,57,60,60,58
rollernet3464,2,62,3,4988,185,3078,31,30,31,31
rollernet1830,2,62,6,8248,369,5913,74,90,91,80
rollernet3111,2,62,4,5728,244,3796,56,60,60,58
rollernet2388,2,62,5,6882,306,4794,61,61,61,73
rollernet3495,2,62,3,4988,185,3078,31,30,31,31
rollernet1252,2,62,8,10085,487,7076,102,117,118,124
rollernet2544,2,62,4,6253,247,4233,57,61,61,49
rollernet1303,2,62,8,10033,486,7154,110,116,117,128
rollernet2521,2,62,4,6266,247,4246,57,61,61,49
rollernet3441,2,62,3,4986,185,3078,31,30,31,31
rollernet1933,2,62,6,7857,367,5616,81,89,89,78
rollernet2113,2,62,5,7334,307,5178,61,61,61,75
rollernet1937,2,62,6,7833,367,5597,81,90,89,82
rollernet3457,2,62,3,4986,185,3076,31,30,31,31
rollernet2281,2,62,5,7152,307,5037,61,61,61,73
rollernet3315,2,62,4,5072,236,3156,47,50,51,50
rollernet3152,2,62,4,5621,244,3694,56,60,60,58
rollernet1974,2,62,6,7661,364,5468,80,87,87,77
rollernet2760,2,62,4,6122,246,4156,57,59,59,60
rollernet1169,2,62,9,10890,546,7875,115,119,119,133
rollernet2238,2,62,5,7256,307,5143,61,61,61,61
rollernet2952,2,62,4,5998,245,4054,58,60,61,59
rollernet1855,2,62,6,8156,368,5831,78,90,90,81
rollernet3120,2,62,4,5708,244,3777,56,60,60,58
rollernet2039,2,62,5,7382,307,5220,61,61,61,71
rollernet3332,2,62,3,4978,185,3068,31,30,31,31
rollernet3042,2,62,4,5854,245,3911,57,59,60,59
rollernet3405,2,62,3,4981,185,3074,31,30,31,31
rollernet2158,2,62,5,7327,307,5189,61,61,61,61
rollernet3055,2,62,4,5834,245,3896,58,60,61,59
rollernet2391,2,62,5,6876,306,4788,61,61,61,73
rollernet2981,2,62,4,5955,245,4006,58,59,61,59
rollernet1089,2,62,10,11288,607,8022,124,142,120,154
rollernet2081,2,62,5,7338,307,5166,61,61,60,70
rollernet2813,2,62,4,6079,246,4117,58,59,60,60
rollernet1019,2,62,10,11640,609,8216,132,145,120,155
rollernet1337,2,62,8,9992,486,7231,104,118,119,123
rollernet1577,2,62,7,9042,428,6549,89,89,90,105
rollernet3076,2,62,4,5792,244,3859,58,59,60,59
rollernet1408,2,62,8,9614,484,6936,104,114,115,111
rollernet2228,2,62,5,7277,307,5164,61,60,61,61
rollernet1325,2,62,8,10040,486,7257,103,117,119,126
rollernet1134,2,62,9,11010,548,7920,117,118,120,136
rollernet2406,2,62,5,6832,306,4747,61,61,61,74
rollernet2215,2,62,5,7303,307,5187,61,61,61,62
rollernet2491,2,62,5,6305,288,4268,60,61,61,61
rollernet1763,2,62,6,8396,369,6052,77,91,91,80
rollernet2181,2,62,5,7335,307,5207,61,60,60,61
rollernet1345,2,62,8,9958,486,7208,108,117,119,120
rollernet2799,2,62,4,6084,246,4123,58,59,60,60
rollernet2522,2,62,4,6265,247,4244,57,61,61,48
rollernet2551,2,62,4,6254,247,4237,57,61,61,49
rollernet3100,2,62,4,5760,244,3828,56,60,60,59
rollernet3054,2,62,4,5835,245,3895,58,60,61,59
rollernet3028,2,62,4,5880,245,3935,58,59,61,60
rollernet2396,2,62,5,6871,306,4787,61,61,61,74
rollernet2876,2,62,4,6048,245,4091,58,60,61,59
rollernet1941,2,62,6,7804,367,5573,80,89,89,77
rollernet2089,2,62,5,7341,307,5179,61,61,61,70
rollernet2381,2,62,5,6910,306,4818,61,61,61,73
rollernet1689,2,62,6,8435,369,6062,77,90,91,95
rollernet2084,2,62,5,7340,307,5170,61,61,61,70
rollernet3587,2,62,3,4998,185,3092,31,30,31,31
rollernet3360,2,62,3,4980,185,3072,31,30,31,31
rollernet1533,2,62,7,9209,429,6649,89,90,90,104
rollernet1211,2,62,9,10624,546,7634,117,118,120,133
rollernet1789,2,62,6,8342,369,5992,76,88,90,80
rollernet3294,2,62,4,5225,242,3306,55,57,57,55
rollernet1014,2,62,10,11640,608,8200,132,145,121,153
rollernet2129,2,62,5,7333,307,5185,61,61,60,62
rollernet1069,2,62,10,11292,608,7855,121,147,120,145
rollernet1040,2,62,10,11522,608,8089,129,143,120,144
rollernet2768,2,62,4,6114,246,4148,57,59,60,60
rollernet2678,2,62,4,6161,246,4184,57,61,61,51
rollernet2723,2,62,4,6148,246,4182,57,61,61,60
rollernet3578,2,62,3,4995,185,3089,31,30,31,31
rollernet3310,2,62,4,5101,238,3181,49,51,50,50
rollernet1492,2,62,7,9299,428,6689,87,91,91,103
rollernet1840,2,62,6,8208,368,5888,78,90,90,80
rollernet3138,2,62,4,5665,244,3737,56,60,60,59
rollernet2542,2,62,4,6253,247,4231,57,61,61,48
rollernet2263,2,62,5,7197,307,5085,61,61,61,61
rollernet2625,2,62,4,6198,246,4209,58,60,61,52
rollernet2772,2,62,4,6106,246,4140,57,61,61,60
rollernet2970,2,62,4,5974,245,4027,58,59,61,59
rollernet2672,2,62,4,6161,246,4182,57,60,60,51
rollernet2711,2,62,4,6146,246,4174,57,61,61,60
rollernet1578,2,62,7,9041,428,6550,89,89,90,110
rollernet3094,2,62,4,5767,244,3833,57,60,60,59
rollernet2906,2,62,4,6027,245,4078,58,60,61,59
rollernet1934,2,62,6,7851,367,5608,81,89,89,79
rollernet3484,2,62,3,4988,185,3078,31,30,31,31
rollernet2967,2,62,4,5978,245,4031,58,60,61,59
rollernet2270,2,62,5,7182,307,5072,61,61,61,61
rollernet1900,2,62,6,7982,368,5690,80,90,90,79
rollernet1295,2,62,8,10010,487,7101,105,116,118,124
rollernet2737,2,62,4,6141,246,4175,57,61,61,60
rollernet2323,2,62,5,7070,306,4968,61,61,61,71
rollernet2187,2,62,5,7337,307,5218,61,61,61,61
rollernet3188,2,62,4,5531,244,3597,57,59,59,58
rollernet3396,2,62,3,4983,185,3076,31,30,31,31
rollernet1914,2,62,6,7962,367,5703,81,90,89,84
rollernet1506,2,62,7,9275,430,6683,89,90,91,106
rollernet1016,2,62,10,11635,609,8202,132,145,121,152
rollernet2037,2,62,5,7382,307,5221,61,61,61,71
rollernet1564,2,62,7,9093,428,6564,89,89,90,101
rollernet3106,2,62,4,5737,244,3805,56,60,60,58
rollernet2705,2,62,4,6148,246,4173,57,60,60,60
rollernet3336,2,62,3,4979,185,3070,31,30,31,31
rollernet3116,2,62,4,5715,244,3784,56,60,60,58
rollernet2262,2,62,5,7199,307,5086,61,61,61,61
rollernet1459,2,62,7,9414,427,6830,89,90,90,104
rollernet2041,2,62,5,7380,307,5219,61,61,61,71
rollernet2267,2,62,5,7189,307,5081,61,61,61,61
rollernet2640,2,62,4,6193,246,4209,58,60,61,51
rollernet3098,2,62,4,5762,244,3829,56,60,60,59
rollernet2729,2,62,4,6147,246,4181,57,60,60,60
rollernet3124,2,62,4,5699,244,3768,56,60,60,58
rollernet2680,2,62,4,6159,246,4182,57,60,60,51
rollernet1256,2,62,8,10098,487,7109,102,117,118,120
rollernet1148,2,62,9,10943,547,7873,113,119,120,131
rollernet2866,2,62,4,6049,245,4094,58,60,61,59
rollernet1982,2,62,6,7601,362,5411,77,88,85,76
rollernet2855,2,62,4,6064,246,4108,58,60,61,60
rollernet2200,2,62,5,7308,307,5188,61,61,61,61
rollernet2853,2,62,4,6065,246,4109,58,60,61,60
rollernet2234,2,62,5,7268,307,5156,61,60,61,61
rollernet1226,2,62,9,10435,545,7413,115,120,118,131
rollernet1076,2,62,10,11300,608,7952,124,147,119,144
rollernet2591,2,62,4,6228,247,4224,58,61,61,47
rollernet3068,2,62,4,5800,244,3865,58,59,60,59
rollernet1011,2,62,10,11661,608,8232,134,146,120,158
rollernet1841,2,62,6,8201,368,5879,78,90,90,81
rollernet1138,2,62,9,10992,548,7911,116,119,121,132
rollernet3437,2,62,3,4987,185,3080,31,30,31,31
rollernet2213,2,62,5,7306,307,5190,61,61,61,62
rollernet1853,2,62,6,8158,368,5831,78,90,90,80
rollernet2332,2,62,5,7040,306,4938,61,61,61,71
rollernet1658,2,62,7,8519,418,6124,88,90,92,94
rollernet1548,2,62,7,9165,429,6615,89,89,90,100
rollernet2580,2,62,4,6236,247,4225,58,61,61,47
rollernet3181,2,62,4,5547,244,3613,57,60,60,58
rollernet1846,2,62,6,8186,368,5865,78,90,90,82
rollernet2749,2,62,4,6134,246,4167,57,60,60,60
rollernet1898,2,62,6,7991,368,5697,80,90,90,79
rollernet1082,2,62,10,11285,607,7981,122,144,122,143
rollernet1851,2,62,6,8167,368,5840,78,90,90,80
rollernet3229,2,62,4,5393,244,3461,57,60,60,58
rollernet2188,2,62,5,7337,307,5218,61,61,61,61
rollernet3185,2,62,4,5536,244,3602,57,60,60,58
rollernet3349,2,62,3,4980,185,3073,31,30,31,31
rollernet2320,2,62,5,7077,306,4975,61,61,61,70
rollernet1503,2,62,7,9281,430,6685,88,90,91,107
rollernet3245,2,62,4,5336,243,3408,58,59,59,58
rollernet3461,2,62,3,4985,185,3075,31,30,31,31
rollernet1202,2,62,9,10709,546,7710,117,119,121,134
rollernet1132,2,62,9,11008,548,7907,117,118,119,133
rollernet2201,2,62,5,7309,307,5189,61,61,61,61
rollernet2299,2,62,5,7111,306,5006,61,61,61,72
rollernet1784,2,62,6,8357,369,6008,78,90,90,80
rollernet3218,2,62,4,5440,244,3504,57,60,60,59
rollernet3502,2,62,3,4992,185,3083,31,30,31,31
rollernet1065,2,62,10,11323,608,7876,126,146,121,143
rollernet1370,2,62,8,9883,486,7176,107,116,117,112
rollernet1172,2,62,9,10884,546,7875,115,119,118,130
rollernet1086,2,62,10,11295,607,8015,128,144,120,145
rollernet3238,2,62,4,5359,244,3428,58,59,59,58
rollernet1687,2,62,6,8436,369,6064,77,89,91,95
rollernet1587,2,62,7,9020,428,6547,90,90,92,106
rollernet2472,2,62,5,6504,303,4445,60,60,60,69
rollernet2283,2,62,5,7146,307,5033,61,61,61,73
rollernet3203,2,62,4,5503,244,3568,57,60,60,58
rollernet2236,2,62,5,7260,307,5147,61,61,61,61
rollernet2836,2,62,4,6070,246,4112,58,60,61,60
rollernet3273,2,62,4,5286,243,3363,57,59,60,58
rollernet1206,2,62,9,10668,546,7671,114,120,121,131
rollernet1265,2,62,8,10091,487,7122,105,118,118,121
rollernet1584,2,62,7,9026,428,6542,90,90,90,106
rollernet2860,2,62,4,6055,245,4101,58,60,61,59
rollernet1313,2,62,8,10037,485,7215,104,116,118,121
rollernet2221,2,62,5,7293,307,5178,61,61,61,62
rollernet1652,2,62,7,8609,424,6195,88,90,92,99
rollernet2107,2,62,5,7331,307,5172,61,61,60,74
rollernet1010,2,62,10,11678,608,8251,132,146,120,156
rollernet1796,2,62,6,8328,369,5979,76,90,91,83
rollernet2424,2,62,5,6731,306,4651,61,61,61,65
rollernet3522,2,62,3,4994,185,3086,31,30,31,31
rollernet2114,2,62,5,7333,307,5177,61,61,60,75
rollernet2140,2,62,5,7328,307,5181,61,61,61,62
rollernet3446,2,62,3,4985,185,3077,31,30,31,31
rollernet1877,2,62,6,8070,368,5772,81,90,90,86
rollernet1598,2,62,7,8954,428,6486,88,89,92,90
rollernet1127,2,62,9,11001,548,7877,117,118,119,134
rollernet3526,2,62,3,4994,185,3086,31,30,31,31
rollernet2882,2,62,4,6047,245,4091,58,60,61,59
rollernet1344,2,62,8,9968,486,7220,108,118,119,120
rollernet3361,2,62,3,4980,185,3072,31,30,31,31
rollernet3001,2,62,4,5920,245,3970,58,59,61,60
rollernet1453,2,62,7,9424,427,6829,89,90,90,104
rollernet2414,2,62,5,6777,306,4692,61,61,61,70
rollernet2901,2,62,4,6033,245,4083,58,60,61,59
rollernet2070,2,62,5,7358,307,5191,61,61,61,68
rollernet2162,2,62,5,7334,307,5199,61,61,60,61
rollernet2079,2,62,5,7341,307,5169,61,61,60,70
rollernet1617,2,62,7,8797,428,6341,88,89,91,91
rollernet2385,2,62,5,6893,306,4805,61,61,61,73
rollernet1258,2,62,8,10089,487,7105,102,117,118,122
rollernet3182,2,62,4,5546,244,3612,57,60,60,58
rollernet3010,2,62,4,5908,245,3958,58,59,61,60
rollernet3365,2,62,3,4980,185,3072,31,30,31,31
rollernet2247,2,62,5,7232,307,5119,61,61,61,61
rollernet2305,2,62,5,7100,306,4997,61,61,61,69
rollernet2700,2,62,4,6146,246,4169,57,61,61,51
rollernet1098,2,62,10,11251,606,8027,122,144,120,147
rollernet2342,2,62,5,7017,306,4919,61,61,61,69
rollernet2582,2,62,4,6238,247,4230,58,61,61,47
rollernet1327,2,62,8,10040,486,7265,103,117,118,124
rollernet1186,2,62,9,10818,546,7826,115,118,120,135
rollernet1164,2,62,9,10900,546,7877,113,118,119,131
rollernet1928,2,62,6,7900,367,5653,80,90,89,83
rollernet2029,2,62,5,7388,307,5226,61,60,60,71
rollernet2892,2,62,4,6037,245,4085,58,59,60,59
rollernet3400,2,62,3,4982,185,3075,31,30,31,31
rollernet3084,2,62,4,5784,244,3851,57,59,60,59
rollernet2461,2,62,5,6570,305,4503,60,61,61,72
rollernet2014,2,62,5,7395,307,5237,61,61,61,71
rollernet1291,2,62,8,10033,487,7115,104,117,118,122
rollernet3015,2,62,4,5896,245,3946,58,58,60,60
rollernet3340,2,62,3,4980,185,3071,31,30,31,31
rollernet3506,2,62,3,4993,185,3085,31,30,31,31
rollernet2546,2,62,4,6255,247,4236,57,61,61,49
rollernet2982,2,62,4,5953,245,4003,58,59,61,59
rollernet3052,2,62,4,5840,245,3898,58,60,61,59
rollernet1428,2,62,7,9400,428,6776,89,90,90,101
rollernet2571,2,62,4,6244,247,4230,58,61,61,48
rollernet1676,2,62,6,8447,369,6076,77,89,91,95
rollernet3328,2,62,3,4978,185,3068,31,30,31,31
rollernet1080,2,62,10,11276,608,7953,129,146,121,142
rollernet1516,2,62,7,9241,430,6646,89,90,90,103
rollernet2023,2,62,5,7387,307,5228,61,61,61,69
rollernet3497,2,62,3,4991,185,3082,31,30,31,31
rollernet3230,2,62,4,5388,244,3456,57,60,60,58
rollernet3329,2,62,3,4978,185,3068,31,30,31,31
rollernet2916,2,62,4,6016,245,4065,58,60,61,59
rollernet2482,2,62,5,6404,300,4351,60,60,60,69
rollernet1500,2,62,7,9271,429,6667,89,90,91,105
rollernet1769,2,62,6,8396,369,6053,77,90,90,81
rollernet2026,2,62,5,7388,307,5227,61,61,60,69
rollernet2062,2,62,5,7366,307,5204,61,61,61,68
rollernet1084,2,62,10,11287,607,7994,128,142,119,143
rollernet3066,2,62,4,5804,244,3869,58,59,60,59
rollernet1829,2,62,6,8253,369,5918,74,90,91,80
rollernet1585,2,62,7,9024,428,6543,90,89,89,104
rollernet1515,2,62,7,9251,430,6660,89,90,90,105
rollernet1496,2,62,7,9286,429,6676,87,91,91,105
rollernet2689,2,62,4,6153,246,4177,57,59,59,47
rollernet3439,2,62,3,4986,185,3078,31,30,31,31
rollernet1771,2,62,6,8395,369,6052,77,90,90,81
rollernet3047,2,62,4,5847,245,3904,57,59,60,59
rollernet2671,2,62,4,6166,246,4189,57,60,60,51
rollernet2256,2,62,5,7213,307,5099,61,61,60,61
rollernet1025,2,62,10,11616,608,8197,128,146,121,156
rollernet2538,2,62,4,6255,247,4233,57,61,61,48
rollernet2739,2,62,4,6141,246,4175,57,61,61,60
rollernet3220,2,62,4,5428,244,3493,56,60,60,59
rollernet1940,2,62,6,7813,367,5581,80,89,89,77
rollernet2574,2,62,4,6240,247,4227,58,61,61,47
rollernet1864,2,62,6,8112,368,5793,76,90,90,82
rollernet2565,2,62,4,6251,247,4239,57,61,61,48
rollernet3176,2,62,4,5565,244,3632,57,60,60,58
rollernet2210,2,62,5,7305,307,5189,61,61,61,62
rollernet2334,2,62,5,7037,306,4937,61,61,61,70
rollernet1194,2,62,9,10769,546,7782,117,121,120,131
rollernet3564,2,62,3,4996,185,3089,31,30,31,31
rollernet2793,2,62,4,6091,246,4131,58,59,60,59
rollernet3318,2,62,4,5044,232,3131,44,47,49,48
rollernet2056,2,62,5,7369,307,5206,61,59,60,70
rollernet1883,2,62,6,8051,368,5757,81,90,90,82
rollernet1437,2,62,7,9412,427,6804,89,90,90,102
rollernet3137,2,62,4,5665,244,3737,56,60,60,59
rollernet1329,2,62,8,10045,486,7278,104,117,119,124
rollernet2938,2,62,4,5998,245,4051,58,59,60,60
rollernet3216,2,62,4,5447,244,3511,57,60,60,58
rollernet2000,2,62,5,7411,307,5252,61,61,61,68
rollernet1438,2,62,7,9419,427,6813,89,90,90,102
rollernet3401,2,62,3,4982,185,3075,31,30,31,31
rollernet2358,2,62,5,6968,306,4869,61,61,61,67
rollernet2043,2,62,5,7377,307,5213,61,61,61,71
rollernet2487,2,62,5,6351,296,4309,60,61,61,64
rollernet1467,2,62,7,9386,427,6797,89,90,90,105
rollernet2937,2,62,4,5996,245,4049,58,59,60,59
rollernet1712,2,62,6,8436,369,6073,84,91,91,91
rollernet1273,2,62,8,10087,487,7148,106,117,119,123
rollernet3462,2,62,3,4988,185,3078,31,30,31,31
rollernet2374,2,62,5,6924,306,4831,61,61,61,71
rollernet3145,2,62,4,5651,244,3723,56,60,60,59
rollernet1072,2,62,10,11278,608,7873,127,147,120,146
rollernet3538,2,62,3,4995,185,3087,31,30,31,31
rollernet2330,2,62,5,7042,306,4938,61,61,61,71
rollernet3386,2,62,3,4984,185,3077,31,30,31,31
rollernet3062,2,62,4,5818,244,3883,58,59,60,59
rollernet2442,2,62,5,6654,305,4577,61,61,61,71
rollernet1024,2,62,10,11619,608,8203,132,145,121,155
rollernet1155,2,62,9,10910,546,7850,113,120,120,133
rollernet3141,2,62,4,5658,244,3730,56,59,60,59
rollernet1235,2,62,9,10361,544,7348,114,120,120,132
rollernet1845,2,62,6,8187,368,5864,78,90,90,85
rollernet2942,2,62,4,5996,245,4051,58,59,60,59
rollernet2220,2,62,5,7298,307,5184,61,60,60,62
rollernet3443,2,62,3,4987,185,3079,31,30,31,31
rollernet1760,2,62,6,8397,369,6055,77,91,91,80
rollernet1553,2,62,7,9140,429,6604,89,90,90,102
rollernet3348,2,62,3,4980,185,3073,31,30,31,31
rollernet1018,2,62,10,11635,609,8206,132,145,121,155
rollernet3447,2,62,3,4985,185,3077,31,30,31,31
rollernet2249,2,62,5,7228,307,5115,61,61,61,61
rollernet1448,2,62,7,9414,427,6807,89,90,90,106
rollernet1168,2,62,9,10896,546,7879,115,119,119,133
rollernet1405,2,62,8,9624,485,6939,102,116,116,119
rollernet1942,2,62,6,7796,367,5565,80,89,88,78
rollernet2677,2,62,4,6161,246,4184,57,61,61,51
rollernet2269,2,62,5,7183,307,5073,61,61,61,61
rollernet1180,2,62,9,10869,546,7881,115,120,120,136
rollernet1179,2,62,9,10867,546,7873,116,120,119,135
rollernet2419,2,62,5,6757,306,4674,61,60,60,70
rollernet2802,2,62,4,6080,246,4118,58,60,61,60
rollernet3155,2,62,4,5612,244,3685,56,60,60,58
rollernet2343,2,62,5,7013,306,4914,61,61,61,69
rollernet1623,2,62,7,8766,427,6316,89,90,92,91
rollernet1407,2,62,8,9617,484,6936,103,115,116,117
rollernet1973,2,62,6,7672,364,5480,80,87,86,79
rollernet2566,2,62,4,6249,247,4236,57,61,61,48
rollernet2888,2,62,4,6042,245,4088,58,60,61,59
rollernet1029,2,62,10,11611,608,8202,128,146,120,161
rollernet2560,2,62,4,6256,247,4244,57,61,61,49
rollernet1837,2,62,6,8223,368,5903,78,90,90,79
rollernet1957,2,62,6,7742,365,5532,80,89,88,83
rollernet1499,2,62,7,9278,429,6669,89,90,91,106
rollernet3326,2,62,3,4978,185,3068,31,30,31,31
rollernet3309,2,62,4,5118,239,3198,50,55,54,51
rollernet1698,2,62,6,8430,369,6059,77,90,91,95
rollernet1107,2,62,10,11074,590,7885,120,131,119,136
rollernet2533,2,62,4,6252,247,4232,57,61,61,48
rollernet3275,2,62,4,5282,243,3360,57,59,59,58
rollernet2818,2,62,4,6078,246,4115,58,59,60,60
rollernet3215,2,62,4,5449,244,3514,57,60,60,58
rollernet2954,2,62,4,5996,245,4051,58,60,61,59
rollernet2198,2,62,5,7318,307,5198,61,61,61,61
rollernet3004,2,62,4,5917,245,3967,58,59,60,60
rollernet2792,2,62,4,6089,246,4129,57,59,60,59
rollernet1142,2,62,9,10954,548,7861,114,119,121,131
rollernet1635,2,62,7,8720,427,6278,89,89,91,104
rollernet2769,2,62,4,6114,246,4148,57,60,60,60
rollernet2064,2,62,5,7364,307,5201,61,61,61,68
rollernet2811,2,62,4,6079,246,4117,58,59,60,60
rollernet2675,2,62,4,6160,246,4183,57,61,61,51
rollernet1316,2,62,8,10044,486,7236,104,117,119,124
rollernet3058,2,62,4,5829,245,3891,58,59,60,59
rollernet2825,2,62,4,6075,246,4115,58,60,61,60
rollernet3268,2,62,4,5292,243,3369,57,59,60,58
rollernet3225,2,62,4,5408,244,3474,57,60,60,59
rollernet1753,2,62,6,8412,369,6068,77,90,91,80
rollernet2271,2,62,5,7182,307,5071,61,61,61,61
rollernet3281,2,62,4,5269,243,3348,57,59,59,57
rollernet1197,2,62,9,10755,546,7761,117,121,121,135
rollernet2376,2,62,5,6924,306,4831,61,61,61,73
rollernet1378,2,62,8,9808,486,7100,106,116,117,115
rollernet3376,2,62,3,4982,185,3075,31,30,31,31
rollernet1986,2,62,6,7530,360,5341,77,84,83,73
rollernet3219,2,62,4,5432,244,3497,56,60,60,59
rollernet2255,2,62,5,7213,307,5098,61,61,61,61
rollernet2266,2,62,5,7188,307,5077,61,61,61,61
rollernet2530,2,62,4,6256,247,4233,57,61,61,48
rollernet2452,2,62,5,6598,305,4527,60,61,61,70
rollernet2142,2,62,5,7326,307,5179,61,61,61,62
rollernet1905,2,62,6,7978,368,5697,81,90,90,78
rollernet1088,2,62,10,11294,607,8020,123,142,120,157
rollernet2498,2,62,4,6268,247,4237,57,60,60,49
rollernet3266,2,62,4,5302,243,3378,57,59,60,58
rollernet2208,2,62,5,7306,307,5188,61,61,61,62
rollernet2177,2,62,5,7333,307,5200,61,61,61,61
rollernet3327,2,62,3,4978,185,3068,31,30,31,31
rollernet2778,2,62,4,6102,246,4137,57,61,60,59
rollernet1306,2,62,8,10030,486,7158,104,117,118,121
rollernet3573,2,62,3,4995,185,3088,31,30,31,31
rollernet1517,2,62,7,9235,430,6637,89,90,90,101
rollernet3283,2,62,4,5262,242,3341,56,57,57,57
rollernet2874,2,62,4,6047,245,4090,58,60,61,59
rollernet1079,2,62,10,11282,608,7948,122,146,120,143
rollernet3368,2,62,3,4980,185,3073,31,30,31,31
rollernet1030,2,62,10,11601,608,8186,128,146,120,160
rollernet2649,2,62,4,6193,246,4212,58,60,61,51
rollernet3077,2,62,4,5792,244,3859,58,59,60,59
rollernet2420,2,62,5,6753,306,4669,61,60,60,70
rollernet2386,2,62,5,6891,306,4803,61,61,61,73
rollernet2955,2,62,4,5995,245,4050,58,60,61,59
rollernet1042,2,62,10,11496,608,8056,127,144,122,140
rollernet2968,2,62,4,5979,245,4032,58,60,61,59
rollernet1149,2,62,9,10929,546,7859,113,119,120,131
rollernet3300,2,62,4,5185,240,3265,54,55,55,54
rollernet1915,2,62,6,7959,367,5700,81,90,89,84
rollernet1354,2,62,8,9937,486,7215,108,117,119,122
rollernet2011,2,62,5,7397,307,5239,61,61,61,72
rollernet3378,2,62,3,4981,185,3073,31,30,31,31
rollernet3387,2,62,3,4984,185,3077,31,30,31,31
rollernet1732,2,62,6,8432,369,6082,77,90,90,91
rollernet1595,2,62,7,8969,428,6499,88,89,92,91
rollernet1154,2,62,9,10917,546,7858,113,120,120,133
rollernet2102,2,62,5,7336,307,5181,61,61,61,74
rollernet2348,2,62,5,6998,306,4900,61,61,61,68
rollernet1192,2,62,9,10783,546,7795,116,119,120,132
rollernet2061,2,62,5,7365,307,5203,61,61,61,68
rollernet2339,2,62,5,7025,306,4927,61,61,61,69
rollernet1429,2,62,7,9396,428,6774,89,90,89,101
rollernet1352,2,62,8,9933,486,7204,108,117,118,120
rollernet2276,2,62,5,7169,307,5057,61,61,61,61
rollernet2857,2,62,4,6057,246,4101,58,60,61,59
rollernet2349,2,62,5,6994,306,4896,61,61,61,69
rollernet3562,2,62,3,4994,185,3087,31,30,31,31
rollernet2077,2,62,5,7350,307,5180,61,61,60,69
rollernet2709,2,62,4,6147,246,4173,57,60,60,60
rollernet1416,2,62,8,9557,482,6896,96,115,113,109
rollernet2903,2,62,4,6032,245,4083,58,60,61,59
rollernet1290,2,62,8,10033,487,7116,103,116,118,123
rollernet2479,2,62,5,6450,301,4397,60,60,60,67
rollernet1074,2,62,10,11299,608,7932,126,146,118,144
rollernet1965,2,62,6,7698,365,5500,80,87,88,75
rollernet2862,2,62,4,6052,245,4098,58,60,61,59
rollernet3257,2,62,4,5328,243,3401,58,59,59,58
rollernet3290,2,62,4,5236,242,3315,57,57,58,57
rollernet2078,2,62,5,7345,307,5172,61,61,60,69
rollernet1239,2,62,9,10279,542,7255,113,119,119,128
rollernet1333,2,62,8,10019,486,7256,104,116,119,122
rollernet3079,2,62,4,5790,244,3857,57,59,60,59
rollernet2328,2,62,5,7047,306,4944,61,61,61,71
rollernet2295,2,62,5,7130,307,5020,61,61,61,69
rollernet1699,2,62,6,8431,369,6062,77,90,91,95
rollernet2065,2,62,5,7363,307,5199,61,61,61,68
rollernet2144,2,62,5,7324,307,5178,61,61,61,62
rollernet2242,2,62,5,7244,307,5130,61,61,61,61
rollernet3150,2,62,4,5626,244,3699,56,59,60,58
rollernet1328,2,62,8,10043,486,7273,103,117,119,124
rollernet3475,2,62,3,4990,185,3080,31,30,31,31
rollernet2473,2,62,5,6499,303,4442,60,60,60,69
rollernet1984,2,62,6,7564,361,5374,75,85,85,74
rollernet3158,2,62,4,5605,244,3676,56,60,60,58
rollernet1055,2,62,10,11355,608,7878,123,146,121,146
rollernet2338,2,62,5,7025,306,4927,61,61,61,69
rollernet3279,2,62,4,5275,243,3354,57,59,60,58
rollernet1690,2,62,6,8438,369,6065,77,90,91,93
rollernet3139,2,62,4,5666,244,3739,56,60,60,59
rollernet1726,2,62,6,8428,369,6077,86,90,90,91
rollernet2182,2,62,5,7337,307,5211,61,60,61,61
rollernet1647,2,62,7,8666,426,6245,88,89,91,97
rollernet2599,2,62,4,6226,246,4230,58,60,61,50
rollernet3235,2,62,4,5374,244,3443,58,59,59,57
rollernet2121,2,62,5,7325,307,5171,61,61,60,61
rollernet1276,2,62,8,10088,487,7155,106,117,119,124
rollernet3554,2,62,3,4994,185,3087,31,30,31,31
rollernet2706,2,62,4,6149,246,4174,57,60,60,60
rollernet3280,2,62,4,5272,243,3351,57,59,59,58
rollernet3597,2,62,3,5000,185,3094,31,30,31,31
rollernet3178,2,62,4,5556,244,3623,57,60,60,58
rollernet3524,2,62,3,4994,185,3086,31,30,31,31
rollernet2570,2,62,4,6243,247,4228,58,61,61,48
rollernet1185,2,62,9,10826,546,7834,115,118,120,135
rollernet1214,2,62,9,10583,546,7586,116,117,120,130
rollernet2156,2,62,5,7328,307,5189,61,61,61,61
rollernet3493,2,62,3,4988,185,3078,31,30,31,31
rollernet2315,2,62,5,7086,306,4982,61,61,61,70
rollernet2752,2,62,4,6135,246,4170,57,60,60,60
rollernet2662,2,62,4,6180,246,4203,57,61,61,50
rollernet1808,2,62,6,8307,369,5961,76,90,91,83
rollernet2430,2,62,5,6690,306,4611,61,61,60,74
rollernet2549,2,62,4,6256,247,4239,57,61,61,49
rollernet2308,2,62,5,7096,306,4993,61,61,61,71
rollernet2067,2,62,5,7360,307,5195,61,61,61,68
rollernet1326,2,62,8,10039,486,7260,103,117,119,125
rollernet1697,2,62,6,8430,369,6058,77,90,91,95
rollernet3162,2,62,4,5599,244,3669,56,60,60,58
rollernet2817,2,62,4,6078,246,4115,58,59,60,60
rollernet2801,2,62,4,6080,246,4118,58,60,61,60
rollernet1709,2,62,6,8436,369,6075,84,91,91,91
rollernet1867,2,62,6,8091,368,5768,80,90,90,81
rollernet2504,2,62,4,6271,247,4248,57,60,60,47
rollernet1189,2,62,9,10804,546,7813,117,119,119,137
rollernet1805,2,62,6,8313,369,5965,76,90,91,80
rollernet1020,2,62,10,11636,609,8213,131,145,120,155
rollernet1371,2,62,8,9890,486,7185,108,115,118,114
rollernet2660,2,62,4,6185,246,4209,57,61,61,51
rollernet1309,2,62,8,10026,486,7170,104,117,118,121
rollernet2170,2,62,5,7330,307,5194,61,61,61,61
rollernet3488,2,62,3,4988,185,3078,31,30,31,31
rollernet2225,2,62,5,7283,307,5169,61,61,61,62
rollernet2740,2,62,4,6141,246,4175,57,61,61,60
rollernet1129,2,62,9,11010,548,7901,117,118,120,142
rollernet2506,2,62,4,6269,247,4246,57,60,60,48
rollernet1066,2,62,10,11310,608,7867,126,145,122,143
rollernet2613,2,62,4,6214,246,4226,58,60,61,51
rollernet3282,2,62,4,5267,242,3346,57,59,59,57
rollernet2301,2,62,5,7103,306,4997,61,61,61,72
rollernet1670,2,62,6,8456,369,6086,77,89,91,96
rollernet2324,2,62,5,7068,306,4966,61,61,61,71
rollernet3341,2,62,3,4980,185,3071,31,30,31,31
rollernet2541,2,62,4,6253,247,4231,57,61,61,48
rollernet1338,2,62,8,9991,486,7232,104,117,118,123
rollernet2994,2,62,4,5929,245,3979,58,59,61,60
rollernet2483,2,62,5,6395,299,4342,60,61,61,67
rollernet1702,2,62,6,8433,369,6067,84,91,91,96
rollernet2655,2,62,4,6188,246,4211,58,60,61,51
rollernet2642,2,62,4,6193,246,4209,58,60,61,51
rollernet2694,2,62,4,6152,246,4176,57,61,61,51
rollernet1812,2,62,6,8308,369,5969,76,90,91,82
rollernet1380,2,62,8,9794,486,7094,105,116,118,114
rollernet3355,2,62,3,4979,185,3071,31,30,31,31
rollernet1873,2,62,6,8080,368,5767,81,90,90,80
rollernet2172,2,62,5,7331,307,5193,61,61,61,61
rollernet1294,2,62,8,10015,487,7102,104,116,118,124
rollernet1985,2,62,6,7547,361,5357,78,86,86,75
rollernet3384,2,62,3,4984,185,3077,31,30,31,31
rollernet2438,2,62,5,6653,305,4575,61,61,61,71
rollernet1434,2,62,7,9408,427,6801,89,90,89,105
rollernet3119,2,62,4,5710,244,3779,56,60,60,58
rollernet2653,2,62,4,6191,246,4211,58,60,61,51
rollernet1714,2,62,6,8433,369,6073,85,91,91,91
rollernet1260,2,62,8,10094,487,7113,104,117,118,122
rollernet1863,2,62,6,8116,368,5793,76,90,90,82
rollernet1491,2,62,7,9306,428,6696,87,91,91,102
rollernet3533,2,62,3,4995,185,3087,31,30,31,31
rollernet2638,2,62,4,6196,246,4212,58,60,61,51
rollernet2704,2,62,4,6148,246,4173,57,60,60,60
rollernet3380,2,62,3,4983,185,3075,31,30,31,31
rollernet2577,2,62,4,6240,247,4229,58,61,61,47
rollernet1793,2,62,6,8332,369,5982,76,89,90,85
rollernet1165,2,62,9,10895,546,7870,114,119,120,130
rollernet3403,2,62,3,4981,185,3074,31,30,31,31
rollernet2536,2,62,4,6255,247,4233,57,61,61,48
rollernet1901,2,62,6,7980,368,5687,80,90,90,79
rollernet1536,2,62,7,9208,429,6657,89,90,90,104
rollernet1790,2,62,6,8342,369,5993,76,88,90,84
rollernet1415,2,62,8,9566,482,6904,96,115,113,110
rollernet3288,2,62,4,5243,242,3322,56,57,57,56
rollernet1994,2,62,6,7442,337,5276,69,72,71,72
rollernet1031,2,62,10,11607,608,8198,128,146,120,155
rollernet1939,2,62,6,7822,367,5590,81,90,89,76
rollernet2488,2,62,5,6340,295,4298,60,61,61,63
rollernet2798,2,62,4,6086,246,4126,58,59,60,60
rollernet2650,2,62,4,6192,246,4212,58,60,61,51
rollernet2973,2,62,4,5971,245,4024,58,59,61,59
rollernet1062,2,62,10,11319,608,7854,126,145,118,158
rollernet1902,2,62,6,7981,368,5691,80,90,90,78
rollernet2167,2,62,5,7331,307,5196,61,61,60,61
rollernet3482,2,62,3,4987,185,3076,31,30,31,31
rollernet3243,2,62,4,5342,243,3413,58,59,59,58
rollernet1759,2,62,6,8403,369,6060,77,91,91,80
rollernet1739,2,62,6,8422,369,6071,77,91,91,91
rollernet2454,2,62,5,6593,305,4521,60,61,61,72
rollernet2040,2,62,5,7380,307,5218,61,61,61,71
rollernet1546,2,62,7,9175,429,6627,89,89,90,102
rollernet1102,2,62,10,11178,603,7971,126,141,119,145
rollernet1606,2,62,7,8882,428,6415,90,89,91,91
rollernet2691,2,62,4,6151,246,4175,57,60,60,47
rollernet3211,2,62,4,5473,244,3537,57,60,60,59
rollernet2429,2,62,5,6700,306,4622,61,61,61,65
rollernet3496,2,62,3,4989,185,3079,31,30,31,31
rollernet1835,2,62,6,8234,369,5908,78,90,91,79
rollernet1233,2,62,9,10380,544,7364,114,120,119,135
rollernet3503,2,62,3,4993,185,3085,31,30,31,31
rollernet3029,2,62,4,5879,245,3934,58,59,61,60
rollernet1193,2,62,9,10779,546,7795,117,120,120,131
rollernet1636,2,62,7,8718,427,6275,89,90,92,104
rollernet2020,2,62,5,7395,307,5240,61,61,61,68
rollernet2137,2,62,5,7332,307,5186,61,61,61,61
rollernet1028,2,62,10,11612,608,8200,128,147,118,155
rollernet1150,2,62,9,10926,546,7857,113,120,120,133
rollernet1551,2,62,7,9155,429,6612,89,90,90,102
rollernet1514,2,62,7,9252,430,6662,89,90,90,104
rollernet1047,2,62,10,11446,608,7992,126,145,120,146
rollernet3529,2,62,3,4995,185,3087,31,30,31,31
rollernet1907,2,62,6,7972,367,5697,81,90,89,77
rollernet2976,2,62,4,5966,245,4019,58,59,61,60
rollernet2412,2,62,5,6791,306,4704,61,61,61,72
rollernet2272,2,62,5,7179,307,5068,61,61,61,61
rollernet2347,2,62,5,6999,306,4900,61,61,61,68
rollernet2867,2,62,4,6048,245,4093,58,60,61,59
rollernet2235,2,62,5,7265,307,5153,61,60,61,61
rollernet2458,2,62,5,6584,305,4516,60,61,61,71
rollernet2531,2,62,4,6252,247,4230,57,61,61,48
rollernet1781,2,62,6,8364,369,6015,78,88,90,79
rollernet2875,2,62,4,6047,245,4090,58,60,61,59
rollernet3065,2,62,4,5807,244,3872,58,59,60,59
rollernet1925,2,62,6,7919,367,5666,81,90,89,79
rollernet1387,2,62,8,9733,486,7042,108,116,116,111
rollernet2941,2,62,4,5996,245,4050,58,59,60,59
rollernet2218,2,62,5,7300,307,5185,61,61,61,62
rollernet1027,2,62,10,11609,608,8190,129,147,119,157
rollernet2712,2,62,4,6144,246,4172,57,61,61,60
rollernet1417,2,62,8,9540,481,6884,94,112,111,109
rollernet3483,2,62,3,4987,185,3076,31,30,31,31
rollernet3406,2,62,3,4981,185,3074,31,30,31,31
rollernet1601,2,62,7,8937,428,6472,88,89,92,90
rollernet2925,2,62,4,6011,245,4061,58,60,61,59
rollernet1099,2,62,10,11231,605,8010,122,141,118,144
rollernet2697,2,62,4,6148,246,4172,57,61,61,51
rollernet2949,2,62,4,5995,245,4050,58,60,61,59
rollernet2701,2,62,4,6146,246,4169,57,61,61,51
rollernet1580,2,62,7,9040,428,6551,90,90,90,106
rollernet1977,2,62,6,7638,364,5444,77,87,87,76
rollernet3507,2,62,3,4993,185,3085,31,30,31,31
rollernet1249,2,62,8,10075,487,7054,103,117,118,122
rollernet3198,2,62,4,5515,244,3579,57,60,60,58
rollernet2597,2,62,4,6226,247,4228,58,61,61,50
rollernet1817,2,62,6,8303,369,5969,74,89,91,84
rollernet3498,2,62,3,4991,185,3082,31,30,31,31
rollernet1302,2,62,8,10039,486,7163,110,116,117,125
rollernet3429,2,62,3,4985,185,3078,31,30,31,31
rollernet1626,2,62,7,8763,427,6318,89,89,91,91
rollernet3467,2,62,3,4988,185,3078,31,30,31,31
rollernet2311,2,62,5,7093,306,4990,61,60,61,69
rollernet2393,2,62,5,6874,306,4788,61,61,61,74
rollernet1404,2,62,8,9630,485,6948,102,117,117,112
rollernet1153,2,62,9,10914,546,7855,113,120,120,133
rollernet2384,2,62,5,6898,306,4809,61,61,61,73
rollernet3093,2,62,4,5771,244,3838,57,60,60,59
rollernet1629,2,62,7,8761,427,6314,89,89,91,91
rollernet2194,2,62,5,7326,307,5206,61,61,61,61
rollernet2615,2,62,4,6211,246,4223,58,60,60,51
rollernet1218,2,62,9,10517,545,7514,116,118,120,138
rollernet3147,2,62,4,5643,244,3715,56,60,60,59
rollernet2890,2,62,4,6040,245,4087,58,60,61,59
rollernet1896,2,62,6,7999,368,5705,80,90,90,79
rollernet3027,2,62,4,5881,245,3937,58,59,61,60
rollernet3353,2,62,3,4980,185,3072,31,30,31,31
rollernet2717,2,62,4,6143,246,4173,57,61,61,60
rollernet1981,2,62,6,7604,362,5413,77,88,84,76
rollernet2821,2,62,4,6079,246,4118,58,60,61,60
rollernet2682,2,62,4,6161,246,4184,57,60,60,51
rollernet2463,2,62,5,6554,304,4488,60,61,61,72
rollernet1935,2,62,6,7843,367,5601,81,89,89,83
rollernet3570,2,62,3,4995,185,3088,31,30,31,31
rollernet1054,2,62,10,11362,608,7883,125,146,122,146
rollernet2910,2,62,4,6024,245,4075,58,60,61,59
rollernet1323,2,62,8,10039,486,7248,104,117,119,124
rollernet3249,2,62,4,5328,243,3400,58,59,59,58
rollernet2695,2,62,4,6150,246,4174,57,61,61,51
rollernet2203,2,62,5,7309,307,5190,61,61,61,61
rollernet2290,2,62,5,7140,307,5028,61,61,61,70
rollernet3013,2,62,4,5901,245,3951,58,59,61,60
rollernet3297,2,62,4,5202,241,3283,54,55,56,54
rollernet2184,2,62,5,7339,307,5213,61,61,61,61
rollernet2047,2,62,5,7376,307,5213,61,61,61,71
rollernet2453,2,62,5,6594,305,4523,60,61,61,72
rollernet2939,2,62,4,5998,245,4052,58,59,60,60
rollernet2914,2,62,4,6020,245,4070,58,60,61,59
rollernet1511,2,62,7,9252,430,6661,89,90,90,104
rollernet3129,2,62,4,5688,244,3759,56,59,60,58
rollernet3233,2,62,4,5377,244,3444,58,60,60,57
rollernet3164,2,62,4,5592,244,3662,56,59,60,58
rollernet2378,2,62,5,6921,306,4829,61,61,61,73
rollernet3392,2,62,3,4984,185,3077,31,30,31,31
rollernet1462,2,62,7,9410,427,6826,89,90,90,105
rollernet2439,2,62,5,6653,305,4575,61,61,61,71
rollernet2983,2,62,4,5953,245,4003,58,59,61,59
rollernet1451,2,62,7,9419,427,6817,89,90,90,108
rollernet3307,2,62,4,5134,239,3214,51,54,54,51
rollernet2178,2,62,5,7333,307,5202,61,61,60,61
rollernet3192,2,62,4,5526,244,3591,57,60,60,58
rollernet2051,2,62,5,7372,307,5210,61,60,61,70
rollernet1807,2,62,6,8313,369,5968,76,90,91,83
rollernet1144,2,62,9,10947,547,7860,114,119,120,132
rollernet3258,2,62,4,5329,243,3404,58,59,59,58
rollernet1710,2,62,6,8435,369,6074,84,91,91,91
rollernet1175,2,62,9,10874,546,7872,116,119,120,136
rollernet2946,2,62,4,5996,245,4052,58,60,61,59
rollernet2275,2,62,5,7170,307,5058,61,61,61,61
rollernet1334,2,62,8,10012,486,7249,104,116,119,125
rollernet3271,2,62,4,5285,243,3362,57,59,60,58
rollernet3358,2,62,3,4979,185,3071,31,30,31,31
rollernet1058,2,62,10,11346,608,7874,125,146,121,145
rollernet1875,2,62,6,8074,368,5769,81,90,90,86
rollernet1581,2,62,7,9034,428,6544,90,90,90,108
rollernet2907,2,62,4,6026,245,4077,58,60,61,59
rollernet1659,2,62,7,8505,416,6112,88,89,90,93
rollernet2248,2,62,5,7230,307,5117,61,61,61,61
rollernet1555,2,62,7,9133,429,6600,89,89,90,104
rollernet1114,2,62,9,11027,548,7863,115,118,119,121
rollernet2115,2,62,5,7330,307,5174,61,61,60,75
rollernet2933,2,62,4,6000,245,4052,58,60,61,59
rollernet1936,2,62,6,7842,367,5606,81,90,89,81
rollernet1181,2,62,9,10851,546,7861,115,118,120,137
rollernet3305,2,62,4,5154,240,3234,52,56,56,52
rollernet1952,2,62,6,7757,365,5537,80,89,88,79
rollernet1537,2,62,7,9207,429,6659,89,89,90,103
rollernet2136,2,62,5,7328,307,5179,61,61,61,61
rollernet1701,2,62,6,8435,369,6068,84,91,91,90
rollernet1116,2,62,9,11020,548,7860,115,118,119,123
rollernet3239,2,62,4,5356,244,3425,58,59,59,58
rollernet1131,2,62,9,11007,548,7905,117,118,118,135
rollernet2824,2,62,4,6076,246,4116,58,60,61,60
rollernet3140,2,62,4,5665,244,3738,56,60,60,59
rollernet2985,2,62,4,5950,245,4000,58,59,61,60
rollernet1736,2,62,6,8423,369,6069,77,90,90,91
rollernet2670,2,62,4,6165,246,4188,57,60,60,51
rollernet1195,2,62,9,10753,546,7759,117,118,121,131
rollernet1212,2,62,9,10611,546,7619,117,117,119,129
rollernet1868,2,62,6,8095,368,5777,80,90,90,83
rollernet1836,2,62,6,8232,369,5908,78,90,91,79
rollernet3516,2,62,3,4993,185,3085,31,30,31,31
rollernet3346,2,62,3,4980,185,3072,31,30,31,31
rollernet1321,2,62,8,10034,486,7234,104,117,119,126
rollernet2525,2,62,4,6261,247,4241,57,61,61,48
rollernet2532,2,62,4,6254,247,4234,57,61,61,48
rollernet1622,2,62,7,8770,427,6319,89,90,92,91
rollernet1390,2,62,8,9704,485,7014,103,115,117,110
rollernet2399,2,62,5,6864,306,4780,61,60,60,73
rollernet2083,2,62,5,7341,307,5171,61,61,61,70
rollernet1092,2,62,10,11296,607,8049,123,142,120,153
rollernet2427,2,62,5,6714,306,4636,61,61,61,68
rollernet1135,2,62,9,11004,548,7916,116,118,120,138
rollernet1270,2,62,8,10090,487,7141,106,118,119,124
rollernet1204,2,62,9,10694,546,7692,117,120,121,130
rollernet1561,2,62,7,9110,428,6578,89,89,90,101
rollernet1356,2,62,8,9925,486,7205,106,117,119,124
rollernet3242,2,62,4,5339,243,3408,58,59,59,58
rollernet2446,2,62,5,6641,305,4570,61,61,61,70
rollernet1582,2,62,7,9027,428,6537,90,90,90,104
rollernet2098,2,62,5,7338,307,5181,61,61,61,73
rollernet1421,2,62,8,9466,479,6819,99,109,108,107
rollernet3117,2,62,4,5712,244,3781,56,60,60,58
rollernet1818,2,62,6,8302,369,5970,74,89,91,84
rollernet3530,2,62,3,4995,185,3087,31,30,31,31
rollernet2046,2,62,5,7375,307,5211,61,61,61,71
rollernet3199,2,62,4,5514,244,3578,57,60,60,58
rollernet1535,2,62,7,9208,429,6655,89,90,90,104
rollernet3508,2,62,3,4993,185,3085,31,30,31,31
rollernet2050,2,62,5,7374,307,5213,61,61,61,70
rollernet2556,2,62,4,6255,247,4242,57,61,61,49
rollernet1825,2,62,6,8273,369,5943,74,90,91,82
rollernet1959,2,62,6,7728,365,5522,80,88,88,76
rollernet3222,2,62,4,5419,244,3484,57,60,60,59
rollernet2804,2,62,4,6080,246,4119,58,60,61,60
rollernet3521,2,62,3,4994,185,3086,31,30,31,31
rollernet1906,2,62,6,7971,368,5691,81,90,90,77
rollernet2331,2,62,5,7042,306,4939,61,61,61,71
rollernet1924,2,62,6,7928,367,5676,81,90,89,79
rollernet2758,2,62,4,6126,246,4161,57,60,60,60
rollernet1504,2,62,7,9278,430,6684,89,90,91,105
rollernet2466,2,62,5,6545,304,4481,60,61,61,72
rollernet2639,2,62,4,6194,246,4210,58,60,61,51
rollernet3324,2,62,4,4996,206,3085,38,38,39,39
rollernet2467,2,62,5,6539,304,4475,60,61,61,70
rollernet2771,2,62,4,6110,246,4144,57,61,60,60
rollernet1201,2,62,9,10722,546,7719,117,119,121,133
rollernet2333,2,62,5,7039,306,4937,61,61,61,71
rollernet1798,2,62,6,8329,369,5981,76,90,90,83
rollernet2110,2,62,5,7330,307,5170,61,61,61,74
rollernet1671,2,62,6,8455,369,6086,77,89,91,96
rollernet2868,2,62,4,6048,245,4093,58,60,61,59
rollernet1655,2,62,7,8556,422,6149,88,90,92,95
rollernet2688,2,62,4,6156,246,4180,57,59,59,47
rollernet2143,2,62,5,7323,307,5177,61,61,61,62
rollernet1684,2,62,6,8433,369,6062,77,89,91,94
rollernet1788,2,62,6,8345,369,5995,78,89,90,80
rollernet2031,2,62,5,7387,307,5225,61,61,60,72
rollernet2094,2,62,5,7339,307,5183,61,61,61,75
rollernet1060,2,62,10,11321,608,7847,125,145,121,158
rollernet1556,2,62,7,9130,429,6600,89,89,90,105
rollernet2690,2,62,4,6152,246,4176,57,60,60,47
rollernet2055,2,62,5,7371,307,5209,61,60,60,70
rollernet3575,2,62,3,4995,185,3088,31,30,31,31
rollernet2497,2,62,4,6266,247,4233,57,61,61,53
rollernet1368,2,62,8,9896,486,7196,107,116,116,112
rollernet1673,2,62,6,8450,369,6079,77,89,91,96
rollernet2257,2,62,5,7211,307,5097,61,61,60,61
rollernet1263,2,62,8,10094,487,7123,105,118,119,121
rollernet1571,2,62,7,9068,428,6559,90,89,90,104
rollernet3026,2,62,4,5880,245,3934,58,58,60,60
rollernet2624,2,62,4,6201,246,4212,58,60,60,53
rollernet1452,2,62,7,9422,427,6825,89,90,90,108
rollernet1679,2,62,6,8437,369,6064,77,89,91,95
rollernet1166,2,62,9,10900,546,7882,114,121,118,130
rollernet2619,2,62,4,6203,246,4214,58,60,60,53
rollernet2958,2,62,4,5993,245,4047,58,60,61,59
rollernet2297,2,62,5,7120,306,5013,61,61,61,73
rollernet3173,2,62,4,5570,244,3636,57,60,60,58
rollernet2859,2,62,4,6056,246,4100,58,60,61,59
rollernet2397,2,62,5,6864,306,4779,61,61,61,74
rollernet2024,2,62,5,7388,307,5228,61,61,60,69
rollernet3127,2,62,4,5693,244,3764,56,60,60,58
rollernet1322,2,62,8,10040,486,7249,104,117,119,124
rollernet3463,2,62,3,4988,185,3078,31,30,31,31
rollernet2186,2,62,5,7335,307,5212,61,61,61,61
rollernet1254,2,62,8,10095,487,7097,102,117,117,124
rollernet1583,2,62,7,9025,428,6535,90,90,90,106
rollernet2707,2,62,4,6147,246,4172,57,60,60,60
rollernet1998,2,62,5,7414,307,5254,61,61,61,70
rollernet1048,2,62,10,11435,608,7982,126,145,120,146
rollernet3410,2,62,3,4981,185,3074,31,30,31,31
rollernet2588,2,62,4,6226,247,4219,58,61,61,47
rollernet1224,2,62,9,10479,545,7466,116,119,120,132
rollernet2718,2,62,4,6147,246,4181,57,61,61,60
rollernet2059,2,62,5,7365,307,5202,61,61,60,68
rollernet2510,2,62,4,6269,247,4248,57,60,60,48
rollernet3476,2,62,3,4990,185,3080,31,30,31,31
rollernet2465,2,62,5,6545,304,4481,60,61,61,72
rollernet1953,2,62,6,7757,365,5537,80,89,89,79
rollernet2015,2,62,5,7396,307,5239,61,61,61,71
rollernet1657,2,62,7,8528,420,6127,88,90,92,97
rollernet1238,2,62,9,10304,542,7288,114,119,118,129
rollernet3536,2,62,3,4995,185,3087,31,30,31,31
rollernet2370,2,62,5,6935,306,4842,61,61,61,72
rollernet3126,2,62,4,5694,244,3764,56,60,60,58
rollernet1282,2,62,8,10068,487,7138,107,116,118,120
rollernet3491,2,62,3,4988,185,3078,31,30,31,31
rollernet2002,2,62,5,7406,307,5247,61,61,61,68
rollernet2337,2,62,5,7030,306,4932,61,61,61,70
rollernet3366,2,62,3,4980,185,3072,31,30,31,31
rollernet1388,2,62,8,9723,486,7027,108,116,116,113
rollernet1579,2,62,7,9039,428,6550,90,89,90,110
rollernet1860,2,62,6,8139,368,5816,76,90,90,82
rollernet1432,2,62,7,9405,427,6793,89,90,89,104
rollernet3478,2,62,3,4988,185,3077,31,30,31,31
rollernet1886,2,62,6,8042,368,5745,80,90,90,76
rollernet1301,2,62,8,10034,486,7151,110,116,117,126
rollernet1394,2,62,8,9689,485,7003,102,116,116,113
rollernet1232,2,62,9,10381,544,7363,114,120,119,135
rollernet2637,2,62,4,6197,246,4213,58,60,61,51
rollernet2306,2,62,5,7097,306,4994,61,61,61,71
rollernet3514,2,62,3,4993,185,3085,31,30,31,31
rollernet1426,2,62,7,9399,428,6772,89,90,90,103
rollernet3599,2,62,3,5000,185,3094,31,30,31,31
rollernet3352,2,62,3,4980,185,3072,31,30,31,31
rollernet3354,2,62,3,4980,185,3072,31,30,31,31
rollernet2321,2,62,5,7073,306,4971,61,61,61,71
rollernet3558,2,62,3,4993,185,3086,31,30,31,31
rollernet1236,2,62,9,10334,543,7316,114,118,119,132
rollernet1881,2,62,6,8058,368,5762,81,90,90,82
rollernet3351,2,62,3,4980,185,3072,31,30,31,31
rollernet2632,2,62,4,6198,246,4213,58,60,61,51
rollernet1160,2,62,9,10915,546,7872,115,119,119,131
rollernet1969,2,62,6,7690,365,5494,80,88,88,78
rollernet3217,2,62,4,5441,244,3505,57,60,60,58
rollernet3338,2,62,3,4979,185,3070,31,30,31,31
rollernet2611,2,62,4,6218,246,4229,58,60,61,51
rollernet1287,2,62,8,10039,487,7111,103,116,118,121
rollernet2145,2,62,5,7324,307,5180,61,61,61,62
rollernet2413,2,62,5,6783,306,4696,61,61,61,71
rollernet2759,2,62,4,6126,246,4160,57,60,60,60
rollernet1377,2,62,8,9824,486,7116,106,116,116,110
rollernet1041,2,62,10,11510,608,8076,127,143,120,141
rollernet1479,2,62,7,9366,428,6760,88,91,91,109
rollernet1269,2,62,8,10089,487,7133,106,118,119,126
rollernet1034,2,62,10,11592,608,8185,128,148,119,140
rollernet2526,2,62,4,6260,247,4240,57,61,61,48
rollernet3479,2,62,3,4987,185,3076,31,30,31,31
rollernet1519,2,62,7,9223,430,6628,89,90,90,105
rollernet3265,2,62,4,5307,243,3383,58,59,59,58
rollernet3550,2,62,3,4995,185,3088,31,30,31,31
rollernet2300,2,62,5,7106,306,5001,61,61,61,72
rollernet1972,2,62,6,7672,364,5480,80,87,87,79
rollernet3418,2,62,3,4983,185,3076,31,30,31,31
rollernet3539,2,62,3,4995,185,3087,31,30,31,31
rollernet2830,2,62,4,6072,246,4115,58,60,61,60
rollernet2335,2,62,5,7038,306,4939,61,61,61,70
rollernet1349,2,62,8,9939,486,7200,108,116,118,119
rollernet3545,2,62,3,4995,185,3088,31,30,31,31
rollernet1893,2,62,6,7999,368,5704,80,90,90,75
rollernet3073,2,62,4,5796,244,3863,58,59,60,59
rollernet3059,2,62,4,5827,245,3890,58,59,60,59
rollernet2117,2,62,5,7334,307,5185,61,61,60,75
rollernet1528,2,62,7,9221,430,6646,89,91,91,105
rollernet1223,2,62,9,10487,545,7468,116,119,120,135
rollernet1090,2,62,10,11292,607,8036,123,143,121,155
rollernet1682,2,62,6,8441,369,6070,77,89,91,94
rollernet2936,2,62,4,5996,245,4049,58,59,60,59
rollernet3007,2,62,4,5912,245,3962,58,59,61,60
rollernet3170,2,62,4,5581,244,3649,57,60,60,58
rollernet2894,2,62,4,6036,245,4085,58,59,60,59
rollernet3561,2,62,3,4994,185,3087,31,30,31,31
rollernet1819,2,62,6,8295,369,5962,74,89,91,83
rollernet2470,2,62,5,6526,304,4467,60,59,60,70
rollernet3397,2,62,3,4983,185,3076,31,30,31,31
rollernet2873,2,62,4,6047,245,4090,58,60,61,59
rollernet1575,2,62,7,9046,428,6547,90,89,89,107
rollernet3373,2,62,3,4982,185,3075,31,30,31,31
rollernet1794,2,62,6,8333,369,5984,76,90,91,85
rollernet1033,2,62,10,11606,608,8205,128,147,118,158
rollernet1643,2,62,7,8669,426,6230,88,90,92,96
rollernet2019,2,62,5,7396,307,5241,61,61,61,68
rollernet2206,2,62,5,7308,307,5190,61,61,61,62
rollernet2761,2,62,4,6123,246,4157,57,59,60,60
rollernet2959,2,62,4,5989,245,4043,58,60,61,59
rollernet1013,2,62,10,11653,608,8222,135,145,121,155
rollernet2426,2,62,5,6718,306,4639,61,61,61,68
rollernet2602,2,62,4,6225,246,4231,58,60,61,50
rollernet2592,2,62,4,6227,247,4224,58,61,61,47
rollernet1400,2,62,8,9650,485,6965,102,115,118,113
rollernet2147,2,62,5,7328,307,5185,61,61,61,62
rollernet3590,2,62,3,4999,185,3093,31,30,31,31
rollernet1159,2,62,9,10917,546,7869,115,118,120,133
rollernet1675,2,62,6,8448,369,6079,77,89,91,96
rollernet3510,2,62,3,4993,185,3085,31,30,31,31
rollernet1663,2,62,6,8447,369,6065,80,90,91,81
rollernet1341,2,62,8,9979,486,7225,108,117,119,123
rollernet2507,2,62,4,6271,247,4250,57,60,60,48
rollernet3143,2,62,4,5655,244,3727,56,59,60,59
rollernet1318,2,62,8,10039,486,7233,104,117,119,124
rollernet2049,2,62,5,7375,307,5215,61,61,61,70
rollernet1268,2,62,8,10094,487,7138,106,118,118,125
rollernet2764,2,62,4,6119,246,4153,57,60,59,60
rollernet2372,2,62,5,6931,306,4839,61,61,61,72
rollernet3205,2,62,4,5492,244,3557,57,60,60,59
rollernet2965,2,62,4,5979,245,4033,58,60,61,59
rollernet1513,2,62,7,9256,430,6668,89,90,90,107
rollernet1427,2,62,7,9399,428,6771,89,90,90,102
rollernet3458,2,62,3,4986,185,3076,31,30,31,31
rollernet2583,2,62,4,6237,247,4229,58,61,61,47
rollernet1469,2,62,7,9385,427,6795,89,90,90,109
rollernet3107,2,62,4,5735,244,3803,56,60,60,58
rollernet1918,2,62,6,7953,367,5698,81,90,89,84
rollernet2425,2,62,5,6723,306,4644,61,61,61,66
rollernet2835,2,62,4,6071,246,4113,58,60,61,60
rollernet2389,2,62,5,6878,306,4789,61,61,61,73
rollernet1015,2,62,10,11638,608,8203,132,146,121,154
rollernet1310,2,62,8,10039,486,7196,104,116,118,125
rollernet3134,2,62,4,5675,244,3747,56,60,60,59
rollernet1597,2,62,7,8962,428,6493,88,89,92,90
rollernet2060,2,62,5,7363,307,5199,61,60,60,68
rollernet1921,2,62,6,7949,367,5698,81,90,89,84
rollernet1336,2,62,8,9995,486,7236,104,117,119,119
rollernet2400,2,62,5,6862,306,4778,61,60,60,73
rollernet2219,2,62,5,7299,307,5185,61,61,61,62
rollernet3399,2,62,3,4982,185,3075,31,30,31,31
rollernet2291,2,62,5,7137,307,5027,61,61,61,69
rollernet1245,2,62,9,10119,530,7093,112,116,118,128
rollernet3580,2,62,3,4995,185,3089,31,30,31,31
rollernet2207,2,62,5,7307,307,5189,61,61,61,62
rollernet2870,2,62,4,6048,245,4091,58,60,61,59
rollernet3537,2,62,3,4995,185,3087,31,30,31,31
rollernet1821,2,62,6,8289,369,5955,74,90,91,83
rollernet2699,2,62,4,6146,246,4169,57,61,61,51
rollernet2258,2,62,5,7210,307,5097,61,61,60,61
rollernet2845,2,62,4,6063,246,4105,58,60,61,60
rollernet2165,2,62,5,7330,307,5195,61,61,60,61
rollernet3041,2,62,4,5856,245,3913,57,59,60,59
rollernet1920,2,62,6,7958,367,5707,81,90,89,84
rollernet1363,2,62,8,9917,486,7213,107,116,117,122
rollernet1654,2,62,7,8571,423,6160,88,90,92,91
rollernet2382,2,62,5,6908,306,4818,61,61,61,73
rollernet3006,2,62,4,5914,245,3965,58,59,61,60
rollernet3144,2,62,4,5653,244,3725,56,59,60,59
rollernet2009,2,62,5,7395,307,5235,61,61,61,72
rollernet2135,2,62,5,7329,307,5181,61,61,61,61
rollernet3113,2,62,4,5724,244,3793,56,60,60,58
rollernet2192,2,62,5,7327,307,5206,61,61,61,61
rollernet1954,2,62,6,7755,365,5540,80,89,88,78
rollernet3581,2,62,3,4996,185,3090,31,30,31,31
rollernet1495,2,62,7,9288,429,6679,88,91,91,108
rollernet1768,2,62,6,8398,369,6056,77,90,90,81
rollernet2686,2,62,4,6156,246,4180,57,59,59,47
rollernet2312,2,62,5,7092,306,4989,61,60,61,69
rollernet1111,2,62,9,11021,549,7848,113,121,120,125
rollernet2995,2,62,4,5929,245,3979,58,59,61,60
rollernet2603,2,62,4,6224,246,4230,58,60,61,50
rollernet2924,2,62,4,6011,245,4061,58,60,61,59
rollernet2223,2,62,5,7285,307,5170,61,61,61,62
rollernet2345,2,62,5,7006,306,4907,61,61,61,69
rollernet1651,2,62,7,8620,424,6204,88,90,92,100
rollernet3414,2,62,3,4981,185,3074,31,30,31,31
rollernet2341,2,62,5,7023,306,4925,61,61,61,69
rollernet3515,2,62,3,4993,185,3085,31,30,31,31
rollernet1910,2,62,6,7965,367,5699,81,90,89,80
rollernet2214,2,62,5,7304,307,5188,61,61,61,62
rollernet3540,2,62,3,4995,185,3087,31,30,31,31
rollernet1136,2,62,9,11003,548,7918,116,118,121,136
rollernet1909,2,62,6,7969,367,5701,81,90,89,80
rollernet3287,2,62,4,5243,242,3322,56,58,57,56
rollernet2795,2,62,4,6088,246,4128,58,59,60,60
rollernet1525,2,62,7,9213,430,6622,89,91,91,106
rollernet2900,2,62,4,6035,245,4086,58,60,61,59
rollernet1121,2,62,9,11002,548,7853,117,121,119,137
rollernet1403,2,62,8,9637,485,6953,102,116,118,112
rollernet2356,2,62,5,6970,306,4871,61,61,61,67
rollernet3002,2,62,4,5918,245,3968,58,59,61,60
rollernet3319,2,62,4,5035,230,3123,44,46,48,46
rollernet1625,2,62,7,8762,427,6315,89,90,92,91
rollernet3302,2,62,4,5175,240,3255,54,56,57,54
rollernet1319,2,62,8,10035,486,7228,104,117,119,123
rollernet2411,2,62,5,6794,306,4706,61,61,61,72
