File,Gamma,V,T,E,G_Edges,BBR19,LS,LSAR,DEC
enron6310000,2,150,16,3739,1808,0.0544,0.3824,0.3636,0.0309
enron4280000,2,150,23,4432,2219,0.0338,0.563,0.1809,0.0149
enron7490000,2,150,14,3457,1591,0.0168,0.2583,0.1418,0.0117
enron8250000,2,150,12,3337,1529,0.0149,0.2396,0.143,0.0086
enron9520000,2,150,11,3222,1467,0.0143,0.2291,0.1493,0.0121
enron4190000,2,150,24,4491,2292,0.0655,0.3476,0.1938,0.0131
enron1750000,2,150,57,6485,3311,0.088,0.5525,0.2103,0.0199
enron3110000,2,150,32,5064,2581,0.0546,0.3928,0.1929,0.0151
enron10000,2,150,9828,20369,2532,0.3088,8.3828,0.2947,0.0535
enron2300000,2,150,43,5773,2978,0.0708,0.4853,0.2149,0.0188
enron6860000,2,150,15,3648,1774,0.0235,0.2785,0.1692,0.0301
enron1670000,2,150,59,6683,3451,0.1015,0.6054,0.2234,0.0208
enron2810000,2,150,35,5300,2715,0.0559,0.4406,0.2351,0.0163
enron7180000,2,150,14,3619,1757,0.0203,0.2817,0.1741,0.0122
enron3020000,2,150,33,5122,2638,0.0516,0.4268,0.2026,0.017
enron3680000,2,150,27,4731,2406,0.041,0.3844,0.2073,0.0151
enron9530000,2,150,11,3231,1480,0.0189,0.2475,0.1504,0.0475
enron2560000,2,150,39,5507,2814,0.062,0.4676,0.2057,0.0178
enron4090000,2,150,25,4563,2319,0.0369,0.3678,0.2025,0.0143
enron140000,2,150,702,14634,4146,0.3667,3.7293,0.2826,0.0437
enron6170000,2,150,16,3853,1891,0.0245,0.3122,0.1882,0.0249
enron60000,2,150,1638,17145,4008,0.4701,5.538,0.3829,0.0526
enron2530000,2,150,39,5511,2796,0.0658,0.4758,0.2029,0.0178
enron4750000,2,150,21,4269,2170,0.0342,0.3529,0.2193,0.012
enron4530000,2,150,22,4339,2169,0.0336,0.3619,0.1905,0.0134
enron2060000,2,150,48,6113,3151,0.0826,0.5595,0.226,0.0195
enron4390000,2,150,23,4387,2208,0.034,0.3603,0.193,0.0479
enron7430000,2,150,14,3486,1626,0.0197,0.2744,0.1588,0.0097
enron7610000,2,150,13,3442,1596,0.018,0.2702,0.1619,0.0114
enron880000,2,150,112,8659,4309,0.2213,0.9514,0.2525,0.03
enron1980000,2,150,50,6203,3198,0.0923,0.5542,0.2234,0.0212
enron2730000,2,150,36,5352,2740,0.0588,0.4566,0.2438,0.0176
enron7090000,2,150,14,3641,1790,0.0218,0.2956,0.1879,0.01
enron2380000,2,150,42,5696,2892,0.0695,0.5059,0.2085,0.018
enron6590000,2,150,15,3693,1772,0.0222,0.2951,0.1706,0.0104
enron1420000,2,150,70,7097,3596,0.12,0.7309,0.2275,0.024
enron800000,2,150,123,8948,4374,0.2262,1.034,0.2493,0.0313
enron8120000,2,150,13,3394,1597,0.0173,0.2671,0.1659,0.0117
enron6390000,2,150,16,3753,1837,0.0236,0.3084,0.1816,0.0131
enron7550000,2,150,14,3445,1588,0.018,0.2657,0.1551,0.0093
enron6920000,2,150,15,3651,1767,0.0227,0.2925,0.1919,0.0102
enron5260000,2,150,19,4083,2029,0.0292,0.3268,0.1906,0.0143
enron440000,2,150,224,11067,4895,0.3146,1.6084,0.2902,0.0373
enron9050000,2,150,11,3181,1423,0.0139,0.2404,0.147,0.0081
enron3610000,2,150,28,4862,2534,0.0464,0.4233,0.2209,0.0175
enron8260000,2,150,12,3338,1532,0.016,0.2513,0.1517,0.0087
enron4680000,2,150,21,4263,2120,0.0311,0.3775,0.1906,0.0126
enron1590000,2,150,62,6783,3476,0.1079,0.6221,0.2231,0.0228
enron5490000,2,150,18,3967,1967,0.027,0.3205,0.225,0.0122
enron8900000,2,150,12,3248,1492,0.0144,0.2468,0.1534,0.0112
enron2940000,2,150,34,5299,2762,0.0628,0.4482,0.2218,0.0179
enron1890000,2,150,52,6256,3209,0.088,0.5476,0.2521,0.0196
enron390000,2,150,252,11489,4891,0.3218,1.7109,0.2998,0.0375
enron8670000,2,150,12,3273,1507,0.0156,0.2456,0.1511,0.0108
enron3770000,2,150,27,4660,2375,0.0401,0.385,0.2049,0.0143
enron9730000,2,150,11,3147,1416,0.0143,0.2336,0.1504,0.0079
enron7730000,2,150,13,3465,1632,0.0185,0.274,0.1684,0.0092
enron4690000,2,150,21,4282,2152,0.032,0.3498,0.2,0.048
enron760000,2,150,130,9146,4463,0.2089,1.0363,0.2532,0.0311
enron160000,2,150,615,14271,4233,0.3635,3.4491,0.2999,0.0439
enron260000,2,150,378,12841,4644,0.3471,2.4078,0.2911,0.0408
enron3950000,2,150,25,4552,2292,0.0376,0.3794,0.1946,0.0145
enron540000,2,150,182,10445,4934,0.2821,1.3547,0.3,0.0335
enron9020000,2,150,11,3202,1447,0.014,0.2391,0.1451,0.008
enron6740000,2,150,15,3641,1746,0.0209,0.2838,0.1638,0.0098
enron4620000,2,150,22,4225,2067,0.0293,0.3374,0.1813,0.0135
enron6340000,2,150,16,3739,1808,0.023,0.2934,0.2014,0.0104
enron8300000,2,150,12,3351,1541,0.0157,0.2483,0.1529,0.011
enron2740000,2,150,36,5359,2755,0.0587,0.4438,0.2046,0.0171
enron1910000,2,150,52,6314,3271,0.0857,0.5554,0.2436,0.0192
enron3510000,2,150,28,4794,2427,0.0432,0.3842,0.1951,0.0166
enron1870000,2,150,53,6343,3277,0.0876,0.5563,0.2187,0.0191
enron1640000,2,150,60,6661,3396,0.0965,0.6271,0.2183,0.0206
enron5100000,2,150,20,4052,1986,0.0274,0.3175,0.1755,0.011
enron9360000,2,150,11,3190,1411,0.016,0.2354,0.1389,0.0101
enron4070000,2,150,25,4555,2306,0.0365,0.3645,0.199,0.0358
enron7520000,2,150,14,3457,1596,0.0176,0.2562,0.1589,0.0117
enron650000,2,150,152,9687,4610,0.2344,1.1451,0.2747,0.032
enron2460000,2,150,40,5616,2882,0.0622,0.4678,0.2087,0.0183
enron9700000,2,150,11,3145,1412,0.014,0.2342,0.1437,0.0079
enron2250000,2,150,44,5860,3022,0.1046,0.4982,0.2127,0.0182
enron4480000,2,150,22,4385,2218,0.0342,0.3544,0.1964,0.0135
enron4300000,2,150,23,4450,2251,0.0357,0.3612,0.1978,0.0144
enron600000,2,150,164,10042,4812,0.2618,1.2608,0.2686,0.0329
enron6700000,2,150,15,3646,1750,0.0207,0.2795,0.1668,0.0098
enron6480000,2,150,16,3708,1801,0.0493,0.2931,0.1787,0.01
enron5270000,2,150,19,4075,2020,0.0281,0.3213,0.1863,0.0114
enron4960000,2,150,20,4234,2166,0.0308,0.3471,0.2046,0.0119
enron790000,2,150,125,8949,4344,0.1992,0.9929,0.2419,0.0646
enron2620000,2,150,38,5515,2854,0.0616,0.4621,0.2106,0.0182
enron990000,2,150,100,8304,4207,0.1703,0.8911,0.2495,0.0267
enron240000,2,150,410,13046,4536,0.3407,2.5433,0.2765,0.0648
enron3120000,2,150,32,5025,2549,0.0495,0.4076,0.1959,0.0154
enron3970000,2,150,25,4560,2321,0.0378,0.37,0.2003,0.0351
enron3850000,2,150,26,4661,2371,0.0398,0.3784,0.2009,0.0143
enron4880000,2,150,21,4165,2073,0.0295,0.3325,0.1917,0.0146
enron2520000,2,150,39,5562,2841,0.0622,0.4787,0.2107,0.0416
enron8830000,2,150,12,3266,1510,0.0152,0.2458,0.1527,0.0084
enron5120000,2,150,20,4040,1975,0.028,0.3135,0.177,0.0111
enron5070000,2,150,20,4117,2056,0.029,0.3267,0.1906,0.0116
enron4760000,2,150,21,4264,2166,0.0335,0.3433,0.1963,0.0496
enron4630000,2,150,22,4249,2109,0.0305,0.3378,0.1876,0.013
enron9600000,2,150,11,3223,1484,0.0146,0.2482,0.1527,0.0083
enron7140000,2,150,14,3637,1773,0.0208,0.2875,0.1809,0.0098
enron1440000,2,150,69,7060,3583,0.1139,0.6944,0.2213,0.0228
enron1580000,2,150,63,6746,3356,0.0993,0.623,0.2097,0.021
enron1990000,2,150,50,6153,3163,0.0815,0.5756,0.2163,0.0193
enron7570000,2,150,13,3433,1585,0.0188,0.258,0.1539,0.0092
enron9500000,2,150,11,3216,1465,0.0169,0.2464,0.1499,0.0081
enron5830000,2,150,17,3870,1900,0.0246,0.2991,0.1995,0.0132
enron5810000,2,150,17,3846,1875,0.0318,0.2982,0.1775,0.0118
enron5740000,2,150,18,3934,1941,0.0256,0.3165,0.1849,0.011
enron1070000,2,150,92,7958,3977,0.1514,0.7965,0.2583,0.026
enron3590000,2,150,28,4859,2542,0.0463,0.407,0.2159,0.0148
enron8320000,2,150,12,3359,1548,0.016,0.2565,0.1557,0.0087
enron3620000,2,150,28,4764,2430,0.0467,0.4207,0.2704,0.0173
enron1320000,2,150,75,7293,3662,0.1247,0.7576,0.2217,0.0237
enron8860000,2,150,12,3250,1492,0.0158,0.2722,0.1585,0.0089
enron8050000,2,150,13,3397,1584,0.0166,0.2646,0.1584,0.009
enron5800000,2,150,17,3858,1881,0.0243,0.3373,0.1763,0.0117
enron2490000,2,150,40,5668,2975,0.0657,0.4854,0.2239,0.0169
enron1060000,2,150,93,8030,4011,0.1848,0.8136,0.238,0.0268
enron4450000,2,150,23,4423,2281,0.0361,0.3818,0.2082,0.0141
enron5720000,2,150,18,3931,1927,0.0267,0.3109,0.1856,0.0124
enron4650000,2,150,22,4249,2114,0.0637,0.3424,0.1884,0.0119
enron5470000,2,150,18,3955,1955,0.0263,0.3107,0.1852,0.012
enron3030000,2,150,33,5152,2667,0.0511,0.4293,0.2185,0.0167
enron2550000,2,150,39,5462,2756,0.063,0.4542,0.2318,0.0183
enron9380000,2,150,11,3191,1411,0.0144,0.2407,0.1407,0.0081
enron380000,2,150,259,11632,4968,0.3286,1.746,0.3097,0.0375
enron9300000,2,150,11,3174,1402,0.0139,0.2396,0.1422,0.0082
enron6290000,2,150,16,3736,1807,0.0216,0.2904,0.1707,0.0103
enron6930000,2,150,15,3649,1766,0.021,0.2826,0.1711,0.0123
enron2880000,2,150,35,5280,2717,0.0569,0.4371,0.2084,0.0442
enron9250000,2,150,11,3183,1404,0.0138,0.2335,0.1406,0.0112
enron9800000,2,150,11,3141,1412,0.0141,0.2308,0.1433,0.0104
enron7780000,2,150,13,3483,1655,0.02,0.2737,0.1713,0.0093
enron5710000,2,150,18,3917,1902,0.0252,0.3071,0.1766,0.0134
enron5880000,2,150,17,3908,1964,0.0251,0.3309,0.194,0.0121
enron8480000,2,150,12,3361,1568,0.0166,0.2549,0.1617,0.0089
enron5840000,2,150,17,3882,1912,0.0247,0.3056,0.1912,0.0133
enron4230000,2,150,24,4484,2281,0.0358,0.3713,0.2031,0.0146
enron6630000,2,150,15,3701,1802,0.0218,0.3227,0.1732,0.0117
enron7680000,2,150,13,3463,1627,0.0192,0.2706,0.1661,0.0092
enron9900000,2,150,10,3169,1448,0.0183,0.2417,0.1551,0.008
enron9190000,2,150,11,3171,1398,0.0134,0.2323,0.1392,0.0081
enron4740000,2,150,21,4296,2195,0.033,0.3472,0.2307,0.0134
enron7450000,2,150,14,3466,1604,0.0177,0.2611,0.1546,0.0092
enron4790000,2,150,21,4216,2112,0.0319,0.3338,0.1874,0.0149
enron7750000,2,150,13,3459,1624,0.0182,0.2722,0.1662,0.0116
enron4160000,2,150,24,4452,2219,0.0342,0.3556,0.2129,0.0125
enron8460000,2,150,12,3365,1565,0.0166,0.2551,0.1595,0.0116
enron2590000,2,150,38,5554,2885,0.0631,0.475,0.2236,0.019
enron4060000,2,150,25,4574,2332,0.0383,0.3715,0.2025,0.0131
enron8890000,2,150,12,3244,1490,0.0161,0.2451,0.1514,0.0452
enron4210000,2,150,24,4465,2249,0.0356,0.3606,0.1952,0.0142
enron7940000,2,150,13,3401,1588,0.0167,0.2603,0.1586,0.0089
enron7500000,2,150,14,3457,1589,0.0187,0.2609,0.1505,0.0093
enron5210000,2,150,19,4062,1982,0.027,0.3191,0.2017,0.0142
enron7890000,2,150,13,3419,1600,0.017,0.2629,0.164,0.0091
enron9620000,2,150,11,3224,1486,0.0149,0.2526,0.1565,0.0083
enron460000,2,150,214,10964,4961,0.3179,1.4862,0.275,0.0363
enron6510000,2,150,16,3707,1795,0.0222,0.2906,0.1738,0.0116
enron5110000,2,150,20,4043,1974,0.0274,0.319,0.1773,0.0112
enron3890000,2,150,26,4605,2304,0.0703,0.3747,0.1892,0.0135
enron3250000,2,150,31,4939,2480,0.0466,0.3986,0.1925,0.0168
enron6910000,2,150,15,3649,1771,0.021,0.2872,0.1728,0.0099
enron3900000,2,150,26,4607,2291,0.0375,0.3714,0.1892,0.0152
enron4170000,2,150,24,4481,2261,0.0356,0.3981,0.1976,0.0159
enron7870000,2,150,13,3461,1642,0.018,0.2843,0.1684,0.0125
enron1710000,2,150,58,6613,3419,0.0974,0.5933,0.2448,0.0211
enron9680000,2,150,11,3150,1416,0.0164,0.2554,0.1432,0.008
enron7810000,2,150,13,3501,1680,0.0187,0.2803,0.1842,0.0108
enron3430000,2,150,29,4921,2527,0.0454,0.4123,0.2115,0.0157
enron7710000,2,150,13,3463,1630,0.0182,0.2728,0.1682,0.0115
enron6820000,2,150,15,3637,1747,0.0209,0.277,0.1679,0.0325
enron3640000,2,150,27,4750,2426,0.0413,0.3899,0.2069,0.0158
enron530000,2,150,186,10466,4871,0.3078,1.3593,0.2766,0.0355
enron4250000,2,150,24,4478,2262,0.0359,0.3699,0.201,0.0159
enron6520000,2,150,16,3697,1782,0.0217,0.2848,0.1711,0.0134
enron2900000,2,150,34,5263,2737,0.057,0.4383,0.2113,0.0353
enron8170000,2,150,13,3385,1588,0.0182,0.2603,0.1609,0.009
enron8620000,2,150,12,3343,1573,0.018,0.266,0.162,0.0088
enron9910000,2,150,10,3171,1451,0.0158,0.2404,0.1535,0.008
enron2450000,2,150,41,5604,2849,0.0654,0.4837,0.2031,0.0398
enron6620000,2,150,15,3707,1804,0.023,0.2882,0.1726,0.0103
enron1660000,2,150,60,6677,3423,0.1003,0.606,0.221,0.0229
enron4980000,2,150,20,4225,2156,0.0316,0.3825,0.2072,0.0141
enron8750000,2,150,12,3277,1517,0.0157,0.2471,0.1541,0.0111
enron8130000,2,150,13,3396,1599,0.0171,0.2622,0.1629,0.0117
enron8680000,2,150,12,3275,1511,0.0159,0.243,0.152,0.0117
enron780000,2,150,126,9040,4412,0.2121,1.0321,0.2446,0.0291
enron5410000,2,150,19,4075,2071,0.0288,0.3292,0.2009,0.0133
enron5370000,2,150,19,4080,2045,0.0605,0.325,0.1911,0.0128
enron9270000,2,150,11,3183,1409,0.014,0.2353,0.1429,0.0109
enron4810000,2,150,21,4222,2108,0.0328,0.3358,0.1883,0.0117
enron8790000,2,150,12,3291,1532,0.0158,0.2479,0.1586,0.0119
enron2240000,2,150,44,5852,3011,0.1031,0.4941,0.2098,0.0197
enron5760000,2,150,18,3928,1936,0.0254,0.313,0.184,0.0137
enron2720000,2,150,37,5368,2752,0.0568,0.4442,0.2059,0.0194
enron1570000,2,150,63,6808,3466,0.1117,0.6341,0.234,0.0523
enron7400000,2,150,14,3475,1612,0.0178,0.2643,0.153,0.0093
enron8040000,2,150,13,3415,1602,0.0166,0.2606,0.1609,0.0091
enron5790000,2,150,17,3866,1890,0.0247,0.2989,0.1797,0.0122
enron810000,2,150,122,8900,4355,0.1994,1.0086,0.2501,0.0287
enron2440000,2,150,41,5641,2903,0.0652,0.4828,0.2354,0.0172
enron5130000,2,150,20,4040,1975,0.0273,0.3238,0.1777,0.0111
enron2580000,2,150,39,5565,2921,0.0641,0.48,0.2255,0.0178
enron3780000,2,150,26,4654,2364,0.0401,0.3848,0.2335,0.0151
enron2870000,2,150,35,5264,2695,0.0549,0.4452,0.208,0.0168
enron1240000,2,150,80,7445,3710,0.1309,0.719,0.2442,0.0243
enron9350000,2,150,11,3197,1423,0.0143,0.2433,0.1442,0.0082
enron2700000,2,150,37,5443,2798,0.0597,0.4612,0.2103,0.0187
enron3670000,2,150,27,4711,2387,0.0411,0.3803,0.2014,0.0155
enron5020000,2,150,20,4262,2210,0.0319,0.3964,0.216,0.0125
enron370000,2,150,266,11631,4832,0.3179,1.7587,0.292,0.0384
enron1260000,2,150,78,7443,3735,0.1315,0.712,0.2276,0.0247
enron8080000,2,150,13,3410,1604,0.0169,0.2662,0.1642,0.0091
enron1530000,2,150,65,6821,3454,0.1039,0.662,0.2185,0.0225
enron5970000,2,150,17,3842,1870,0.0257,0.3019,0.178,0.0104
enron9100000,2,150,11,3177,1415,0.0136,0.235,0.1453,0.0108
enron3840000,2,150,26,4688,2398,0.0415,0.3871,0.2049,0.0405
enron5330000,2,150,19,4104,2056,0.0298,0.3314,0.1935,0.0115
enron6220000,2,150,16,3731,1786,0.0219,0.2851,0.1667,0.0101
enron6600000,2,150,15,3722,1810,0.0229,0.2944,0.1762,0.0103
enron6120000,2,150,17,3858,1890,0.0238,0.3041,0.1823,0.0422
enron930000,2,150,106,8437,4174,0.176,0.8863,0.2397,0.0279
enron5050000,2,150,20,4125,2045,0.0297,0.3284,0.1846,0.0336
enron1050000,2,150,94,8042,4029,0.1586,0.8203,0.2377,0.026
enron3880000,2,150,26,4582,2285,0.038,0.3684,0.2061,0.0164
enron9970000,2,150,10,3145,1411,0.0134,0.233,0.1458,0.0103
enron6420000,2,150,16,3761,1845,0.0232,0.2997,0.1812,0.0131
enron6090000,2,150,17,3859,1891,0.0237,0.3074,0.1855,0.0105
enron1970000,2,150,50,6172,3178,0.1083,0.5333,0.2163,0.0208
enron3540000,2,150,28,4810,2431,0.0423,0.3909,0.1921,0.015
enron8140000,2,150,13,3383,1589,0.0171,0.2628,0.167,0.0113
enron8270000,2,150,12,3339,1531,0.018,0.2525,0.1517,0.0087
enron2600000,2,150,38,5545,2875,0.0628,0.4878,0.2134,0.0218
enron480000,2,150,205,10753,4872,0.2865,1.4583,0.2915,0.0356
enron1460000,2,150,68,7027,3557,0.1127,0.6628,0.223,0.0237
enron2780000,2,150,36,5425,2841,0.0615,0.4588,0.2239,0.0448
enron2290000,2,150,43,5804,2985,0.0707,0.4976,0.222,0.0198
enron7100000,2,150,14,3648,1795,0.021,0.2905,0.1851,0.0128
enron9630000,2,150,11,3164,1426,0.0141,0.2354,0.1722,0.0114
enron9850000,2,150,10,3131,1406,0.0133,0.2393,0.1472,0.0103
enron4350000,2,150,23,4375,2209,0.0341,0.3479,0.1957,0.0123
enron9210000,2,150,11,3177,1400,0.0137,0.2383,0.1406,0.0112
enron5920000,2,150,17,3890,1946,0.0253,0.3098,0.1907,0.0139
enron2220000,2,150,45,5944,3098,0.0751,0.5566,0.2256,0.0183
enron8700000,2,150,12,3272,1502,0.0179,0.2519,0.1506,0.0086
enron270000,2,150,364,12694,4646,0.3448,2.2879,0.2736,0.0593
enron4150000,2,150,24,4485,2276,0.0358,0.3643,0.202,0.0159
enron6000000,2,150,17,3835,1867,0.0244,0.3012,0.1891,0.0141
enron3080000,2,150,32,5136,2616,0.0519,0.4362,0.2051,0.0154
enron8090000,2,150,13,3414,1612,0.0171,0.2695,0.1648,0.0116
enron5080000,2,150,20,4107,2036,0.0288,0.3277,0.1879,0.0114
enron5200000,2,150,19,4067,1997,0.0276,0.3191,0.1796,0.0361
enron570000,2,150,173,10238,4800,0.2634,1.2859,0.2805,0.0332
enron610000,2,150,162,9948,4722,0.2516,1.2194,0.2651,0.0333
enron8980000,2,150,11,3204,1448,0.014,0.2363,0.1478,0.0112
enron1480000,2,150,67,6986,3583,0.112,0.6518,0.2274,0.0219
enron4270000,2,150,24,4451,2228,0.036,0.3566,0.1916,0.0127
enron9080000,2,150,11,3177,1415,0.0136,0.2371,0.1771,0.008
enron6750000,2,150,15,3639,1747,0.0206,0.2799,0.1651,0.0097
enron5280000,2,150,19,4103,2054,0.0288,0.3336,0.1913,0.0132
enron2480000,2,150,40,5614,2894,0.0637,0.4777,0.2141,0.0166
enron2640000,2,150,38,5443,2783,0.06,0.4905,0.2063,0.0169
enron7480000,2,150,14,3461,1595,0.0178,0.2582,0.1523,0.0093
enron3790000,2,150,26,4668,2379,0.0407,0.3885,0.2054,0.0155
enron2950000,2,150,34,5221,2677,0.0555,0.4354,0.2083,0.0517
enron6850000,2,150,15,3655,1778,0.0208,0.2821,0.1718,0.0099
enron1780000,2,150,56,6436,3291,0.0905,0.5694,0.2168,0.0209
enron4830000,2,150,21,4165,2056,0.0315,0.3248,0.1825,0.039
enron1130000,2,150,87,7810,3926,0.1477,0.768,0.2324,0.026
enron2140000,2,150,46,5968,3079,0.076,0.5052,0.2096,0.0462
enron1720000,2,150,58,6591,3403,0.0975,0.5835,0.2277,0.0222
enron5180000,2,150,19,4078,2015,0.0281,0.3212,0.2149,0.0124
enron2020000,2,150,49,6095,3132,0.078,0.5313,0.2133,0.0184
enron2430000,2,150,41,5680,2935,0.0657,0.4861,0.2183,0.0191
enron130000,2,150,756,14953,4248,0.3932,3.877,0.3282,0.0457
enron1310000,2,150,76,7379,3756,0.1278,0.721,0.2336,0.0245
enron7360000,2,150,14,3486,1612,0.019,0.2632,0.1509,0.0093
enron9450000,2,150,11,3207,1447,0.0167,0.2454,0.1466,0.0082
enron4080000,2,150,25,4565,2320,0.0365,0.3944,0.1994,0.0153
enron5190000,2,150,19,4084,2014,0.0291,0.3227,0.1837,0.0115
enron2210000,2,150,45,5919,3075,0.0729,0.5081,0.2615,0.02
enron9130000,2,150,11,3174,1405,0.0135,0.2361,0.1412,0.0103
enron4260000,2,150,24,4458,2240,0.0355,0.3586,0.1931,0.0157
enron4580000,2,150,22,4248,2096,0.031,0.3366,0.1821,0.0119
enron5420000,2,150,19,3998,1995,0.0279,0.3185,0.192,0.0113
enron6180000,2,150,16,3839,1881,0.0239,0.3382,0.1833,0.0132
enron2500000,2,150,40,5644,2940,0.0643,0.4939,0.2238,0.0178
enron3740000,2,150,27,4706,2392,0.0403,0.382,0.197,0.0144
enron3160000,2,150,32,5088,2635,0.0498,0.4569,0.2122,0.0188
enron8640000,2,150,12,3351,1582,0.0179,0.2629,0.1649,0.0089
enron1390000,2,150,71,7194,3639,0.1192,0.6796,0.2414,0.0223
enron7980000,2,150,13,3408,1595,0.0167,0.2586,0.1603,0.0118
enron5650000,2,150,18,3909,1886,0.0249,0.3032,0.1715,0.0107
enron9460000,2,150,11,3210,1450,0.0167,0.2409,0.1461,0.0081
enron2150000,2,150,46,6029,3153,0.0772,0.5256,0.2464,0.0195
enron6990000,2,150,15,3615,1741,0.0208,0.2784,0.1734,0.0113
enron8590000,2,150,12,3364,1585,0.017,0.2598,0.1646,0.012
enron3100000,2,150,32,5068,2591,0.0514,0.4131,0.2053,0.0162
enron560000,2,150,176,10229,4821,0.2729,1.3582,0.3205,0.0343
enron3350000,2,150,30,4944,2542,0.0578,0.4985,0.2636,0.0207
enron1860000,2,150,53,6347,3247,0.0908,0.6257,0.2292,0.0231
enron5860000,2,150,17,3904,1953,0.0581,0.4014,0.4814,0.0185
enron2310000,2,150,43,5745,2924,0.1535,1.1874,0.5343,0.1227
enron8350000,2,150,12,3369,1561,0.0503,0.5661,0.3591,0.0292
enron5380000,2,150,19,4080,2060,0.042,0.439,0.3124,0.0142
enron5530000,2,150,18,3968,1962,0.029,0.3864,0.2026,0.0156
enron9560000,2,150,11,3226,1478,0.0179,0.2924,0.1946,0.0094
enron5640000,2,150,18,3925,1899,0.0279,0.3601,0.185,0.015
enron8000000,2,150,13,3401,1595,0.0175,0.276,0.169,0.0098
enron5350000,2,150,19,4087,2046,0.0289,0.3368,0.1977,0.0147
enron6580000,2,150,15,3695,1776,0.0472,0.293,0.1756,0.0105
enron9810000,2,150,11,3140,1410,0.0151,0.2483,0.1544,0.0113
enron4610000,2,150,22,4232,2076,0.0316,0.3646,0.1916,0.0156
enron8160000,2,150,13,3380,1584,0.0187,0.2688,0.1665,0.0093
enron8520000,2,150,12,3352,1565,0.0208,0.3086,0.1957,0.0105
enron980000,2,150,101,8272,4126,0.2614,1.4173,0.4234,0.0396
enron9660000,2,150,11,3158,1423,0.0184,0.298,0.1666,0.0115
enron3830000,2,150,26,4687,2407,0.043,0.422,0.2524,0.0159
enron8330000,2,150,12,3359,1546,0.0197,0.2979,0.2236,0.0128
enron520000,2,150,189,10458,4816,0.3304,1.6932,0.3155,0.0494
enron7190000,2,150,14,3606,1742,0.0242,0.3359,0.1908,0.0112
enron1680000,2,150,59,6596,3364,0.0979,0.6096,0.223,0.0229
enron9990000,2,150,10,3150,1425,0.0141,0.2506,0.1887,0.0085
enron8400000,2,150,12,3366,1567,0.0171,0.2657,0.1661,0.0092
enron3960000,2,150,25,4567,2325,0.0384,0.3848,0.2123,0.0168
enron230000,2,150,428,13246,4592,0.407,4.5551,0.2941,0.0753
enron2390000,2,150,42,5731,2954,0.0673,0.4855,0.2282,0.0178
enron8910000,2,150,12,3248,1491,0.0145,0.2508,0.1532,0.011
enron4900000,2,150,21,4168,2074,0.0297,0.3313,0.1846,0.012
enron8940000,2,150,11,3231,1469,0.0142,0.245,0.152,0.0117
enron2980000,2,150,33,5182,2642,0.0513,0.4324,0.2497,0.0164
enron2030000,2,150,49,6106,3142,0.0834,0.537,0.2143,0.0208
enron3650000,2,150,27,4744,2422,0.0417,0.399,0.2075,0.0144
enron6680000,2,150,15,3657,1759,0.0222,0.2849,0.1711,0.0099
enron6240000,2,150,16,3734,1783,0.022,0.329,0.1647,0.0126
enron7220000,2,150,14,3627,1769,0.0205,0.2957,0.1824,0.0097
enron6430000,2,150,16,3745,1830,0.023,0.2994,0.178,0.0129
enron6250000,2,150,16,3732,1781,0.0228,0.2856,0.1673,0.0103
enron6260000,2,150,16,3726,1782,0.0241,0.2872,0.1644,0.0328
enron360000,2,150,273,11783,4897,0.3224,1.814,0.2975,0.0392
enron7900000,2,150,13,3416,1597,0.0172,0.2659,0.1637,0.0118
enron5570000,2,150,18,3989,1985,0.0267,0.3166,0.1885,0.014
enron3360000,2,150,30,4870,2428,0.044,0.4041,0.191,0.0141
enron50000,2,150,1966,17406,3228,0.3373,5.9822,0.293,0.05
enron5890000,2,150,17,3882,1936,0.0253,0.3145,0.1906,0.0107
enron5230000,2,150,19,4059,1990,0.0274,0.3237,0.179,0.0144
enron9840000,2,150,10,3128,1400,0.0135,0.2348,0.1447,0.0089
enron7670000,2,150,13,3456,1622,0.0186,0.2725,0.1666,0.0096
enron4360000,2,150,23,4381,2215,0.0342,0.3714,0.1967,0.0142
enron2660000,2,150,37,5447,2808,0.0612,0.4625,0.2156,0.018
enron110000,2,150,894,15398,4273,0.4388,4.2798,0.3427,0.048
enron4550000,2,150,22,4316,2155,0.033,0.3449,0.1875,0.0313
enron7460000,2,150,14,3465,1602,0.0176,0.2637,0.1566,0.0115
enron1610000,2,150,62,6730,3433,0.1022,0.6043,0.2196,0.0231
enron8630000,2,150,12,3346,1577,0.017,0.2674,0.1922,0.0091
enron1290000,2,150,77,7454,3814,0.1288,0.7198,0.2396,0.0233
enron1520000,2,150,65,6924,3491,0.1304,0.649,0.2225,0.0224
enron5580000,2,150,18,3976,1969,0.0265,0.3169,0.1859,0.0119
enron6720000,2,150,15,3634,1737,0.0205,0.2763,0.164,0.0098
enron6710000,2,150,15,3631,1732,0.0222,0.2778,0.1669,0.0099
enron9570000,2,150,11,3213,1471,0.0171,0.2462,0.1805,0.0086
enron4520000,2,150,22,4355,2178,0.0327,0.3497,0.1935,0.0153
enron1930000,2,150,51,6210,3134,0.0851,0.5459,0.2057,0.0208
enron5660000,2,150,18,3938,1922,0.0255,0.314,0.2071,0.0108
enron9860000,2,150,10,3149,1426,0.0135,0.2392,0.1493,0.0085
enron8530000,2,150,12,3356,1570,0.0177,0.2602,0.1607,0.0088
enron6880000,2,150,15,3626,1751,0.0207,0.2811,0.1696,0.0123
enron1100000,2,150,90,7853,3917,0.1709,0.7869,0.2339,0.0262
enron5950000,2,150,17,3883,1933,0.0249,0.3115,0.1865,0.0106
enron510000,2,150,193,10536,4867,0.28,1.38,0.2743,0.0578
enron1690000,2,150,59,6593,3356,0.0994,0.5913,0.2165,0.0222
enron1830000,2,150,54,6412,3320,0.0913,0.5982,0.2235,0.0199
enron9230000,2,150,11,3171,1393,0.0142,0.2336,0.1405,0.0086
enron7640000,2,150,13,3462,1624,0.0179,0.2696,0.1648,0.0091
enron1500000,2,150,66,6893,3455,0.1077,0.6342,0.2141,0.0552
enron5390000,2,150,19,4064,2045,0.0286,0.3258,0.194,0.0125
enron550000,2,150,179,10277,4790,0.2645,1.3103,0.2698,0.0615
enron5590000,2,150,18,3966,1946,0.0262,0.3149,0.1808,0.0123
enron7240000,2,150,14,3552,1689,0.0186,0.2772,0.1677,0.0095
enron2100000,2,150,47,6043,3112,0.0792,0.5615,0.2175,0.0186
enron6970000,2,150,15,3610,1729,0.0204,0.2758,0.1662,0.0123
enron1410000,2,150,70,7170,3672,0.1193,0.6683,0.2587,0.0235
enron7370000,2,150,14,3473,1604,0.0173,0.2597,0.1503,0.0093
enron3500000,2,150,29,4799,2427,0.0428,0.3904,0.1982,0.0169
enron3690000,2,150,27,4714,2383,0.0389,0.3831,0.1993,0.0146
enron4320000,2,150,23,4432,2256,0.0353,0.3868,0.198,0.0157
enron1770000,2,150,56,6484,3355,0.0969,0.5742,0.2222,0.02
enron9110000,2,150,11,3177,1414,0.0142,0.237,0.1466,0.0085
enron9890000,2,150,10,3160,1436,0.016,0.242,0.1511,0.037
enron3180000,2,150,31,5097,2640,0.0498,0.4295,0.2155,0.0175
enron9750000,2,150,11,3136,1405,0.0144,0.2329,0.1423,0.0087
enron9430000,2,150,11,3201,1434,0.0143,0.2389,0.1492,0.0121
enron5430000,2,150,19,3996,1994,0.0276,0.3165,0.2214,0.014
enron730000,2,150,135,9272,4508,0.2188,1.0719,0.2615,0.0318
enron2910000,2,150,34,5264,2732,0.057,0.4417,0.2107,0.0423
enron4220000,2,150,24,4471,2264,0.0359,0.3702,0.2033,0.014
enron1760000,2,150,56,6547,3389,0.0946,0.5876,0.2563,0.0216
enron8410000,2,150,12,3358,1555,0.0165,0.258,0.1576,0.0118
enron1880000,2,150,53,6303,3219,0.0895,0.5515,0.2123,0.0207
enron4180000,2,150,24,4494,2291,0.037,0.3779,0.2025,0.0153
enron410000,2,150,240,11275,4847,0.3057,1.629,0.2719,0.0376
enron3440000,2,150,29,4907,2520,0.046,0.4487,0.2137,0.0154
enron5910000,2,150,17,3876,1933,0.0249,0.3124,0.1869,0.0106
enron7080000,2,150,14,3655,1807,0.0218,0.2966,0.1891,0.013
enron870000,2,150,113,8663,4267,0.1867,0.936,0.2488,0.0617
enron7110000,2,150,14,3643,1787,0.0209,0.2941,0.1832,0.0128
enron120000,2,150,819,15148,4236,0.4023,4.0609,0.3355,0.0456
enron6790000,2,150,15,3635,1747,0.0203,0.289,0.1826,0.0098
enron420000,2,150,234,11271,4958,0.3168,1.625,0.3135,0.0372
enron2860000,2,150,35,5239,2647,0.0538,0.4413,0.2027,0.0168
enron9780000,2,150,11,3136,1407,0.0146,0.2317,0.1466,0.0116
enron2630000,2,150,38,5435,2762,0.0587,0.4536,0.2013,0.0169
enron9060000,2,150,11,3181,1422,0.0545,0.2352,0.1457,0.0121
enron9140000,2,150,11,3172,1404,0.0136,0.2339,0.1408,0.0087
enron3760000,2,150,27,4718,2429,0.0406,0.3872,0.2087,0.0156
enron1810000,2,150,55,6414,3309,0.0922,0.5716,0.2488,0.0202
enron5900000,2,150,17,3874,1932,0.0255,0.3139,0.1881,0.0124
enron280000,2,150,351,12536,4592,0.3518,2.2559,0.2635,0.0408
enron5770000,2,150,18,3906,1912,0.0253,0.3082,0.1795,0.0122
enron5040000,2,150,20,4168,2084,0.03,0.3374,0.1949,0.0118
enron3310000,2,150,30,5010,2616,0.0498,0.4266,0.2181,0.0496
enron2080000,2,150,48,6021,3058,0.0776,0.5351,0.2096,0.0194
enron4770000,2,150,21,4254,2150,0.0339,0.342,0.196,0.014
enron5610000,2,150,18,3943,1924,0.0255,0.3432,0.1769,0.0121
enron40000,2,150,2457,17795,2567,0.2479,6.4601,0.2207,0.0465
enron3560000,2,150,28,4821,2477,0.0442,0.3934,0.1992,0.0148
enron4640000,2,150,22,4263,2129,0.0308,0.3456,0.2125,0.0137
enron8060000,2,150,13,3411,1599,0.0169,0.2663,0.162,0.0115
enron1730000,2,150,57,6577,3378,0.0979,0.5908,0.2204,0.0225
enron7740000,2,150,13,3455,1618,0.0192,0.2705,0.1632,0.0092
enron190000,2,150,518,13775,4401,0.3821,3.0816,0.311,0.0428
enron1340000,2,150,74,7263,3654,0.1235,0.6894,0.2231,0.0245
enron9820000,2,150,11,3138,1407,0.0141,0.2334,0.143,0.0087
enron7920000,2,150,13,3415,1602,0.0174,0.2639,0.1642,0.0093
enron6470000,2,150,16,3732,1829,0.0231,0.3299,0.179,0.0116
enron1380000,2,150,72,7181,3644,0.119,0.6729,0.2273,0.024
enron3870000,2,150,26,4627,2350,0.0394,0.3738,0.2279,0.0133
enron9160000,2,150,11,3167,1395,0.0132,0.231,0.1391,0.0109
enron4410000,2,150,23,4413,2249,0.0344,0.3584,0.2007,0.0125
enron3220000,2,150,31,5012,2559,0.0479,0.4143,0.2038,0.0164
enron1620000,2,150,61,6729,3416,0.1031,0.639,0.2185,0.0229
enron9370000,2,150,11,3198,1420,0.0144,0.2385,0.1413,0.0107
enron6670000,2,150,15,3655,1754,0.0213,0.2798,0.1704,0.0128
enron7850000,2,150,13,3454,1632,0.0184,0.2693,0.1914,0.0122
enron4850000,2,150,21,4171,2078,0.0305,0.3328,0.1856,0.0133
enron7790000,2,150,13,3487,1651,0.0194,0.2766,0.1708,0.0091
enron1900000,2,150,52,6323,3279,0.0887,0.5646,0.2622,0.0208
enron7420000,2,150,14,3485,1623,0.0176,0.2667,0.1563,0.012
enron5980000,2,150,17,3842,1870,0.0251,0.303,0.1788,0.0104
enron1150000,2,150,86,7781,3945,0.1454,0.777,0.2751,0.0253
enron470000,2,150,210,10859,4896,0.2878,1.4718,0.2743,0.0365
enron4100000,2,150,24,4529,2299,0.0379,0.3969,0.1999,0.0162
enron2960000,2,150,34,5213,2663,0.0523,0.4319,0.2079,0.017
enron10000000,2,150,10,3143,1419,0.0136,0.2324,0.1522,0.0122
enron2050000,2,150,48,6107,3152,0.0819,0.5335,0.218,0.0495
enron2760000,2,150,36,5390,2791,0.0577,0.4483,0.2144,0.0173
enron6330000,2,150,16,3738,1805,0.0228,0.2895,0.1721,0.0104
enron2820000,2,150,35,5284,2698,0.0554,0.4442,0.2018,0.047
enron6100000,2,150,17,3861,1895,0.0238,0.3089,0.1842,0.0132
enron960000,2,150,103,8318,4091,0.1693,0.8729,0.2634,0.0271
enron2370000,2,150,42,5736,2945,0.0689,0.4856,0.211,0.0197
enron9400000,2,150,11,3191,1418,0.0148,0.2395,0.1474,0.0087
enron3200000,2,150,31,5084,2620,0.0826,0.4305,0.2124,0.0174
enron7470000,2,150,14,3464,1600,0.0183,0.2632,0.1563,0.0095
enron4990000,2,150,20,4239,2173,0.0314,0.356,0.2058,0.015
enron7150000,2,150,14,3645,1777,0.0218,0.2984,0.1818,0.0128
enron7380000,2,150,14,3463,1596,0.0177,0.2616,0.1693,0.0126
enron4670000,2,150,22,4295,2163,0.0321,0.3582,0.2001,0.014
enron8660000,2,150,12,3339,1571,0.0163,0.2628,0.164,0.0087
enron5060000,2,150,20,4117,2047,0.0296,0.3307,0.1875,0.0147
enron3550000,2,150,28,4820,2457,0.0431,0.3931,0.2183,0.0171
enron70000,2,150,1404,16827,4362,0.5078,5.1822,0.4002,0.0536
enron8180000,2,150,13,3379,1581,0.0194,0.2612,0.1609,0.009
enron8930000,2,150,12,3251,1490,0.0145,0.2527,0.1574,0.0084
enron5680000,2,150,18,3905,1885,0.0248,0.3098,0.1916,0.0124
enron9410000,2,150,11,3194,1424,0.0154,0.2668,0.1592,0.0088
enron7000000,2,150,15,3625,1753,0.0212,0.2912,0.1761,0.0101
enron9540000,2,150,11,3234,1484,0.015,0.2524,0.1581,0.0083
enron9320000,2,150,11,3207,1438,0.0143,0.2434,0.1473,0.0082
enron8440000,2,150,12,3361,1564,0.017,0.2536,0.1615,0.0125
enron2200000,2,150,45,5886,2996,0.0717,0.5397,0.2128,0.0197
enron1250000,2,150,79,7509,3817,0.1337,0.729,0.2638,0.0253
enron9650000,2,150,11,3158,1423,0.014,0.241,0.1439,0.0106
enron300000,2,150,328,12313,4620,0.3228,2.1053,0.2894,0.0406
enron9330000,2,150,11,3208,1435,0.0154,0.2411,0.1468,0.0084
enron9290000,2,150,11,3179,1402,0.0139,0.2368,0.144,0.0084
enron7930000,2,150,13,3421,1607,0.0176,0.2688,0.1634,0.0125
enron4400000,2,150,23,4410,2244,0.0337,0.3651,0.2058,0.0139
enron7590000,2,150,13,3441,1596,0.0176,0.2974,0.1582,0.01
enron3420000,2,150,29,4897,2502,0.0451,0.4009,0.2149,0.0154
enron330000,2,150,298,12048,4757,0.3215,1.9432,0.2719,0.0701
enron2710000,2,150,37,5345,2693,0.0557,0.4518,0.1958,0.0161
enron7960000,2,150,13,3398,1581,0.0185,0.2624,0.1866,0.0092
enron4710000,2,150,21,4282,2176,0.0317,0.3525,0.2033,0.0151
enron9690000,2,150,11,3143,1406,0.0148,0.2336,0.1467,0.011
enron6570000,2,150,15,3698,1781,0.0216,0.2928,0.17,0.0128
enron9150000,2,150,11,3169,1400,0.0137,0.2354,0.1412,0.0115
enron3260000,2,150,31,4943,2511,0.0456,0.4237,0.1947,0.0146
enron3930000,2,150,26,4601,2334,0.0386,0.3781,0.1988,0.0134
enron1300000,2,150,76,7377,3736,0.1301,0.7008,0.2576,0.0245
enron8070000,2,150,13,3416,1605,0.0184,0.2666,0.1628,0.0089
enron200000,2,150,492,13597,4391,0.3921,2.9498,0.3008,0.043
enron920000,2,150,107,8491,4202,0.1795,0.8999,0.2668,0.0273
enron7050000,2,150,14,3656,1801,0.0218,0.2999,0.1851,0.01
enron4030000,2,150,25,4570,2327,0.0388,0.3743,0.2023,0.0163
enron7290000,2,150,14,3524,1651,0.0186,0.2735,0.1607,0.0123
enron4130000,2,150,24,4438,2220,0.0647,0.3534,0.1894,0.0127
enron1140000,2,150,87,7833,3958,0.1498,0.789,0.2474,0.027
enron6150000,2,150,16,3835,1871,0.024,0.3107,0.1823,0.0108
enron1180000,2,150,84,7622,3788,0.1367,0.7584,0.2237,0.0261
enron8990000,2,150,11,3201,1444,0.0142,0.2459,0.149,0.0084
enron220000,2,150,447,13283,4405,0.3559,2.7834,0.2814,0.0415
enron180000,2,150,546,13974,4358,0.385,3.3702,0.3056,0.0434
enron4510000,2,150,22,4364,2191,0.033,0.3597,0.1918,0.028
enron3750000,2,150,27,4696,2381,0.0398,0.3866,0.1987,0.0146
enron4330000,2,150,23,4420,2249,0.0349,0.3616,0.2005,0.0156
enron5750000,2,150,18,3915,1921,0.0256,0.3115,0.2007,0.0144
enron5320000,2,150,19,4110,2069,0.0293,0.3383,0.1968,0.0147
enron6280000,2,150,16,3743,1812,0.0222,0.2912,0.1714,0.0119
enron6500000,2,150,16,3708,1799,0.0221,0.2929,0.1805,0.0102
enron350000,2,150,281,11827,4809,0.3239,1.8371,0.2767,0.039
enron690000,2,150,143,9515,4639,0.2298,1.1239,0.2621,0.0333
enron4570000,2,150,22,4273,2129,0.0313,0.3462,0.1884,0.0138
enron9000000,2,150,11,3200,1443,0.0139,0.2415,0.1758,0.0083
enron8390000,2,150,12,3358,1555,0.0165,0.2583,0.1584,0.0089
enron6300000,2,150,16,3737,1806,0.0239,0.2903,0.1689,0.0125
enron3150000,2,150,32,5039,2576,0.0483,0.4215,0.2071,0.0159
enron5600000,2,150,18,3949,1930,0.0259,0.3132,0.2142,0.0111
enron5150000,2,150,20,4067,2017,0.0289,0.3273,0.1861,0.0142
enron2470000,2,150,40,5642,2894,0.0628,0.4793,0.2095,0.0174
enron8610000,2,150,12,3343,1567,0.0164,0.2596,0.162,0.012
enron2090000,2,150,48,6027,3053,0.0753,0.5463,0.2107,0.0199
enron290000,2,150,339,12394,4594,0.3498,2.1394,0.2685,0.0403
enron5290000,2,150,19,4113,2069,0.029,0.3341,0.1943,0.0128
enron4540000,2,150,22,4319,2153,0.0318,0.3442,0.1875,0.0131
enron310000,2,150,318,12238,4743,0.3403,2.0165,0.2736,0.04
enron6660000,2,150,15,3717,1816,0.0224,0.3159,0.1792,0.01
enron7440000,2,150,14,3475,1616,0.018,0.2622,0.1552,0.0124
enron2230000,2,150,45,5910,3068,0.0734,0.51,0.2201,0.0178
enron3920000,2,150,26,4601,2313,0.075,0.3733,0.1928,0.0141
enron7580000,2,150,13,3438,1591,0.0173,0.2625,0.1566,0.0091
enron5560000,2,150,18,3989,1987,0.0266,0.3242,0.187,0.014
enron7800000,2,150,13,3491,1661,0.0184,0.2804,0.1745,0.0092
enron150000,2,150,656,14508,4327,0.3789,3.6483,0.3018,0.0442
enron6110000,2,150,17,3863,1901,0.0243,0.3125,0.1861,0.0257
enron9340000,2,150,11,3208,1434,0.0144,0.2428,0.1478,0.0086
enron5160000,2,150,20,4062,2012,0.0284,0.3263,0.1853,0.0131
enron1000000,2,150,99,8166,4046,0.1841,0.8372,0.2383,0.0263
enron6070000,2,150,17,3857,1891,0.0239,0.3094,0.1827,0.0123
enron6840000,2,150,15,3643,1762,0.0204,0.2819,0.1704,0.0099
enron8490000,2,150,12,3367,1579,0.018,0.2626,0.1621,0.009
enron8010000,2,150,13,3412,1601,0.0454,0.2642,0.1636,0.0115
enron8280000,2,150,12,3352,1546,0.0169,0.2575,0.1603,0.0118
enron7630000,2,150,13,3458,1618,0.0178,0.2677,0.1644,0.0121
enron4310000,2,150,23,4430,2254,0.0356,0.3638,0.1985,0.0138
enron950000,2,150,104,8406,4214,0.1797,0.9151,0.2523,0.027
enron1160000,2,150,85,7677,3813,0.1377,0.7573,0.2556,0.0246
enron3570000,2,150,28,4824,2475,0.0442,0.395,0.2016,0.0159
enron3720000,2,150,27,4706,2372,0.0391,0.3792,0.1903,0.0143
enron9580000,2,150,11,3215,1474,0.0146,0.2459,0.1526,0.0086
enron910000,2,150,108,8487,4158,0.1777,0.9413,0.238,0.0274
enron3320000,2,150,30,5014,2624,0.0498,0.4271,0.2491,0.0165
enron7300000,2,150,14,3523,1648,0.0182,0.2753,0.1598,0.0092
enron660000,2,150,149,9669,4671,0.2372,1.162,0.3018,0.0322
enron7310000,2,150,14,3511,1636,0.0179,0.2631,0.1566,0.0121
enron6730000,2,150,15,3632,1737,0.0204,0.2732,0.1633,0.0098
enron3130000,2,150,32,5022,2562,0.0491,0.4199,0.2037,0.0147
enron3400000,2,150,29,4884,2465,0.0435,0.4112,0.2348,0.0164
enron3140000,2,150,32,5049,2592,0.0486,0.4165,0.2076,0.0165
enron6440000,2,150,16,3743,1830,0.0238,0.2974,0.1786,0.0102
enron7020000,2,150,14,3633,1771,0.0209,0.2852,0.1801,0.0127
enron4420000,2,150,23,4416,2271,0.0346,0.4138,0.2052,0.0132
enron3090000,2,150,32,5165,2675,0.0539,0.4349,0.2148,0.0158
enron7350000,2,150,14,3483,1608,0.0175,0.2614,0.1519,0.0119
enron9670000,2,150,11,3145,1409,0.0141,0.2339,0.142,0.0109
enron6380000,2,150,16,3753,1829,0.023,0.3219,0.1817,0.0129
enron1270000,2,150,78,7476,3812,0.1328,0.7202,0.237,0.0252
enron3700000,2,150,27,4717,2350,0.0674,0.3831,0.1884,0.0133
enron2190000,2,150,45,5893,3004,0.0742,0.5121,0.2097,0.0189
enron8550000,2,150,12,3346,1562,0.0164,0.26,0.16,0.0088
enron4000000,2,150,25,4585,2356,0.0388,0.3786,0.2385,0.0145
enron5310000,2,150,19,4109,2070,0.0294,0.3328,0.1938,0.0143
enron1790000,2,150,55,6455,3307,0.0901,0.5784,0.2209,0.0211
enron1200000,2,150,82,7634,3883,0.1432,0.7676,0.2358,0.0257
enron5300000,2,150,19,4106,2069,0.0293,0.3348,0.1935,0.0128
enron6040000,2,150,17,3825,1847,0.0244,0.304,0.1722,0.0106
enron9260000,2,150,11,3178,1403,0.0137,0.2718,0.1405,0.0093
enron6560000,2,150,15,3687,1770,0.0217,0.2886,0.168,0.0131
enron9240000,2,150,11,3177,1398,0.0139,0.2337,0.1396,0.0083
enron8880000,2,150,12,3244,1486,0.0143,0.2422,0.155,0.0112
enron3240000,2,150,31,4973,2530,0.0475,0.3993,0.2216,0.0152
enron1230000,2,150,80,7545,3822,0.1347,0.7354,0.2342,0.0239
enron5870000,2,150,17,3911,1965,0.0264,0.3219,0.1949,0.0107
enron6320000,2,150,16,3745,1812,0.0242,0.2862,0.1682,0.0449
enron4140000,2,150,24,4467,2251,0.035,0.3699,0.1952,0.0157
enron9960000,2,150,10,3143,1410,0.0141,0.2329,0.1452,0.0103
enron5450000,2,150,19,3980,1983,0.0272,0.3212,0.1876,0.0128
enron7540000,2,150,14,3449,1592,0.0176,0.2601,0.18,0.0092
enron4340000,2,150,23,4365,2201,0.0336,0.349,0.1922,0.0153
enron9010000,2,150,11,3207,1450,0.0142,0.2428,0.1534,0.0086
enron5360000,2,150,19,4081,2039,0.0287,0.3291,0.1917,0.013
enron400000,2,150,246,11361,4856,0.3067,1.6736,0.2768,0.0368
enron7700000,2,150,13,3463,1622,0.0181,0.2795,0.1659,0.0118
enron2040000,2,150,49,6138,3182,0.0873,0.558,0.2196,0.0203
enron7650000,2,150,13,3452,1613,0.0177,0.2679,0.1627,0.0093
enron8470000,2,150,12,3367,1571,0.0193,0.2603,0.1617,0.0088
enron8810000,2,150,12,3302,1549,0.0157,0.2547,0.1619,0.0086
enron5140000,2,150,20,4055,2000,0.033,0.3506,0.1819,0.013
enron5220000,2,150,19,4063,1989,0.0274,0.3205,0.1784,0.014
enron170000,2,150,579,14093,4224,0.364,3.3363,0.2969,0.0558
enron6810000,2,150,15,3636,1748,0.0205,0.2884,0.1687,0.0096
enron6780000,2,150,15,3629,1740,0.0202,0.2772,0.1838,0.0112
enron3050000,2,150,33,5187,2699,0.0544,0.4538,0.2237,0.017
enron9490000,2,150,11,3213,1460,0.015,0.2514,0.1523,0.0084
enron20000,2,150,4914,19112,2632,0.292,7.6488,0.292,0.0508
enron4120000,2,150,24,4528,2315,0.0365,0.3816,0.2066,0.0136
enron1080000,2,150,91,7990,4066,0.1592,0.8078,0.2523,0.0261
enron4970000,2,150,20,4226,2154,0.0323,0.3474,0.2007,0.0437
enron9470000,2,150,11,3214,1457,0.0149,0.2497,0.148,0.0103
enron8710000,2,150,12,3267,1503,0.0156,0.2457,0.1521,0.0084
enron6900000,2,150,15,3637,1760,0.0223,0.2824,0.1759,0.0097
enron680000,2,150,145,9581,4656,0.2353,1.1498,0.263,0.0321
enron7070000,2,150,14,3648,1795,0.0209,0.2941,0.1857,0.0127
enron90000,2,150,1092,16187,4497,0.48,4.7086,0.3967,0.0511
enron8650000,2,150,12,3343,1577,0.0165,0.2691,0.1698,0.0116
enron30000,2,150,3276,18362,2459,0.2715,7.0714,0.268,0.0462
enron6950000,2,150,15,3628,1746,0.0208,0.2803,0.17,0.0124
enron8100000,2,150,13,3413,1610,0.0169,0.2635,0.1682,0.0122
enron6960000,2,150,15,3616,1734,0.0203,0.2814,0.184,0.0097
enron9870000,2,150,10,3157,1435,0.0141,0.2397,0.1519,0.0107
enron7250000,2,150,14,3542,1676,0.0182,0.279,0.1713,0.0094
enron1090000,2,150,91,7935,3975,0.1547,0.807,0.2579,0.0258
enron9640000,2,150,11,3159,1424,0.0163,0.2404,0.1496,0.008
enron2770000,2,150,36,5421,2825,0.0595,0.4656,0.2252,0.0167
enron9070000,2,150,11,3173,1416,0.0137,0.2417,0.1442,0.0104
enron4800000,2,150,21,4220,2115,0.0317,0.3345,0.2139,0.015
enron2350000,2,150,42,5771,2987,0.0677,0.5159,0.2199,0.019
enron8760000,2,150,12,3285,1527,0.0169,0.2524,0.1559,0.0117
enron5250000,2,150,19,4074,2011,0.0281,0.3212,0.1801,0.0126
enron6370000,2,150,16,3754,1830,0.023,0.3349,0.1747,0.0103
enron2260000,2,150,44,5844,2990,0.0715,0.4945,0.2144,0.0195
enron6410000,2,150,16,3753,1832,0.0231,0.2964,0.1786,0.0129
enron5340000,2,150,19,4081,2035,0.0288,0.3271,0.2333,0.0114
enron5990000,2,150,17,3833,1862,0.0239,0.3004,0.1748,0.0104
enron7230000,2,150,14,3556,1695,0.0238,0.2805,0.1701,0.011
enron7560000,2,150,13,3435,1585,0.0177,0.2594,0.1565,0.012
enron8370000,2,150,12,3367,1566,0.0165,0.2531,0.1646,0.0123
enron3490000,2,150,29,4796,2440,0.043,0.4264,0.2044,0.0151
enron830000,2,150,119,8811,4310,0.192,0.9663,0.2788,0.0283
enron7970000,2,150,13,3407,1590,0.0168,0.2603,0.1574,0.0118
enron6490000,2,150,16,3716,1811,0.0247,0.2943,0.178,0.012
enron2510000,2,150,40,5675,2974,0.0673,0.4861,0.2319,0.0184
enron840000,2,150,117,8801,4330,0.1927,0.9892,0.3009,0.0298
enron5460000,2,150,18,3959,1965,0.0456,0.4612,0.3405,0.0277
enron8840000,2,150,12,3265,1506,0.0239,0.4172,0.3369,0.0151
enron6870000,2,150,15,3647,1775,0.0208,0.4069,0.1841,0.0097
enron6980000,2,150,15,3609,1736,0.0205,0.2781,0.1685,0.0111
enron630000,2,150,156,9812,4674,0.2786,1.1959,0.2684,0.0322
enron1190000,2,150,83,7639,3866,0.1488,0.7495,0.2346,0.0254
enron9420000,2,150,11,3190,1418,0.0402,0.2364,0.1417,0.0105
enron7010000,2,150,15,3617,1747,0.0252,0.2813,0.1741,0.0124
enron1170000,2,150,84,7756,3964,0.1526,0.7672,0.2395,0.026
enron5170000,2,150,20,4057,2002,0.0289,0.3176,0.183,0.0355
enron9930000,2,150,10,3148,1420,0.0135,0.2419,0.1498,0.0082
enron8870000,2,150,12,3251,1492,0.0146,0.2456,0.1514,0.0083
enron8450000,2,150,12,3365,1566,0.0167,0.2596,0.1592,0.0088
enron7270000,2,150,14,3535,1672,0.0182,0.2734,0.1653,0.0093
enron4290000,2,150,23,4440,2223,0.0374,0.362,0.191,0.0383
enron3380000,2,150,30,4869,2438,0.045,0.3913,0.1935,0.0153
enron7320000,2,150,14,3500,1626,0.018,0.2667,0.1546,0.012
enron4590000,2,150,22,4205,2039,0.0298,0.3316,0.2153,0.0119
enron80000,2,150,1229,16502,4446,0.4941,4.9394,0.4093,0.0586
enron8030000,2,150,13,3429,1618,0.0169,0.2738,0.1671,0.0092
enron8920000,2,150,12,3255,1497,0.0145,0.2494,0.1552,0.0084
enron9740000,2,150,11,3147,1415,0.014,0.2372,0.1441,0.0112
enron5500000,2,150,18,3961,1959,0.027,0.3123,0.2113,0.0148
enron3940000,2,150,25,4540,2283,0.0372,0.3798,0.1924,0.0129
enron7860000,2,150,13,3459,1641,0.018,0.2749,0.1695,0.009
enron8690000,2,150,12,3276,1506,0.0156,0.2534,0.1515,0.0085
enron8600000,2,150,12,3358,1580,0.0169,0.2588,0.1646,0.0126
enron2410000,2,150,41,5675,2940,0.0653,0.5256,0.2216,0.019
enron2180000,2,150,46,5924,3030,0.0738,0.5133,0.2123,0.0199
enron7620000,2,150,13,3452,1607,0.0176,0.2636,0.1941,0.0116
enron770000,2,150,128,9086,4431,0.2128,1.027,0.2509,0.0328
enron8110000,2,150,13,3407,1606,0.0184,0.2635,0.1631,0.009
enron7880000,2,150,13,3401,1582,0.0169,0.2923,0.1586,0.0103
enron2830000,2,150,35,5296,2717,0.0569,0.4424,0.2187,0.0175
enron7030000,2,150,14,3641,1786,0.0221,0.2897,0.185,0.0101
enron900000,2,150,110,8550,4214,0.1771,0.9406,0.2419,0.0278
enron6800000,2,150,15,3636,1746,0.0202,0.2773,0.164,0.0123
enron6770000,2,150,15,3629,1738,0.0209,0.2776,0.1642,0.0131
enron7510000,2,150,14,3462,1598,0.0183,0.2889,0.1515,0.0092
enron2170000,2,150,46,5926,3033,0.093,0.5097,0.2282,0.0342
enron6640000,2,150,15,3706,1808,0.0224,0.2986,0.1745,0.0119
enron9550000,2,150,11,3232,1483,0.0155,0.2535,0.1576,0.0116
enron9030000,2,150,11,3202,1444,0.0159,0.2704,0.1461,0.0082
enron3860000,2,150,26,4662,2382,0.0415,0.3911,0.2052,0.014
enron8960000,2,150,11,3218,1458,0.0144,0.2408,0.1476,0.0084
enron6550000,2,150,16,3689,1776,0.0214,0.2909,0.1695,0.0101
enron8190000,2,150,12,3360,1557,0.0167,0.2544,0.1868,0.0091
enron8800000,2,150,12,3298,1544,0.016,0.266,0.1611,0.0094
enron8360000,2,150,12,3367,1563,0.018,0.2551,0.158,0.0088
enron2920000,2,150,34,5293,2763,0.0558,0.4473,0.2202,0.017
enron5850000,2,150,17,3883,1918,0.0245,0.3081,0.2116,0.0105
enron1280000,2,150,77,7407,3736,0.1272,0.7147,0.2312,0.0232
enron2120000,2,150,47,5992,3083,0.0784,0.5135,0.2389,0.0203
enron8570000,2,150,12,3360,1581,0.0167,0.2653,0.164,0.0116
enron4380000,2,150,23,4386,2217,0.0337,0.3515,0.1938,0.0136
enron6690000,2,150,15,3660,1760,0.0223,0.2849,0.1718,0.0098
enron6160000,2,150,16,3844,1877,0.0235,0.3051,0.2224,0.0132
enron8230000,2,150,12,3354,1550,0.0162,0.2534,0.1557,0.0087
enron5400000,2,150,19,4088,2082,0.029,0.3312,0.2062,0.0135
enron720000,2,150,137,9295,4499,0.2527,1.081,0.2558,0.0313
enron340000,2,150,290,11969,4845,0.335,1.907,0.3044,0.0405
enron4780000,2,150,21,4230,2132,0.0318,0.3414,0.1954,0.0154
enron7330000,2,150,14,3500,1623,0.0182,0.2695,0.1554,0.0124
enron4890000,2,150,21,4160,2065,0.0299,0.3266,0.2109,0.0117
enron2000000,2,150,50,6150,3155,0.0803,0.5519,0.2163,0.0188
enron6610000,2,150,15,3731,1823,0.0226,0.3009,0.1772,0.0103
enron6020000,2,150,17,3841,1866,0.0248,0.3018,0.1748,0.0134
enron6940000,2,150,15,3655,1775,0.0212,0.3223,0.1713,0.0107
enron820000,2,150,120,8827,4262,0.1879,0.9752,0.2439,0.0286
enron2360000,2,150,42,5760,2990,0.0688,0.5294,0.2205,0.0193
enron3290000,2,150,30,4985,2576,0.0481,0.4204,0.2118,0.0159
enron6890000,2,150,15,3629,1756,0.0208,0.2818,0.1706,0.0123
enron1010000,2,150,98,8112,3988,0.1583,0.8722,0.2354,0.0267
enron590000,2,150,167,10008,4704,0.2505,1.2483,0.2626,0.0595
enron2970000,2,150,34,5198,2651,0.0527,0.4437,0.206,0.0153
enron1370000,2,150,72,7229,3684,0.1217,0.6852,0.2294,0.0545
enron3280000,2,150,30,4946,2534,0.0468,0.4148,0.2025,0.0156
enron7160000,2,150,14,3653,1793,0.0209,0.2942,0.1823,0.0126
enron1630000,2,150,61,6710,3452,0.1009,0.6359,0.2236,0.0212
enron850000,2,150,116,8694,4216,0.1882,0.9551,0.2638,0.0275
enron4500000,2,150,22,4368,2202,0.0338,0.3534,0.1919,0.0122
enron7200000,2,150,14,3621,1765,0.0206,0.292,0.179,0.0097
enron7720000,2,150,13,3468,1637,0.0194,0.2725,0.1679,0.0092
enron7950000,2,150,13,3387,1573,0.0511,0.2643,0.1552,0.0092
enron8850000,2,150,12,3254,1494,0.0149,0.2453,0.1508,0.0106
enron6140000,2,150,17,3854,1881,0.0237,0.3203,0.1832,0.0134
enron8380000,2,150,12,3368,1568,0.0166,0.2584,0.1594,0.0089
enron2070000,2,150,48,6019,3055,0.0777,0.5342,0.2316,0.0186
enron9480000,2,150,11,3212,1456,0.0147,0.2446,0.1541,0.0082
enron7760000,2,150,13,3456,1627,0.0183,0.2735,0.1662,0.0093
enron2840000,2,150,35,5241,2657,0.0556,0.4443,0.2039,0.0188
enron8340000,2,150,12,3367,1558,0.0166,0.2569,0.1887,0.0088
enron3820000,2,150,26,4687,2399,0.0403,0.3996,0.2082,0.0165
enron3060000,2,150,33,5154,2643,0.0523,0.4301,0.215,0.0166
enron1820000,2,150,54,6413,3320,0.0927,0.567,0.2302,0.0465
enron7840000,2,150,13,3464,1642,0.0182,0.2749,0.1691,0.0116
enron940000,2,150,105,8439,4231,0.1795,0.8846,0.2691,0.0285
enron1220000,2,150,81,7570,3807,0.1346,0.7396,0.2339,0.0241
enron7770000,2,150,13,3483,1655,0.0185,0.2768,0.1727,0.0092
enron7830000,2,150,13,3475,1652,0.0183,0.3089,0.1759,0.0105
enron8020000,2,150,13,3424,1613,0.0167,0.2627,0.1649,0.0122
enron8420000,2,150,12,3354,1556,0.0165,0.2545,0.1566,0.0088
enron7170000,2,150,14,3637,1777,0.021,0.2947,0.1801,0.0098
enron4720000,2,150,21,4296,2188,0.0328,0.3539,0.233,0.0152
enron6050000,2,150,17,3843,1871,0.0242,0.3028,0.1784,0.0137
enron2270000,2,150,44,5843,3022,0.0687,0.5086,0.2174,0.0185
enron9760000,2,150,11,3134,1403,0.014,0.2323,0.1493,0.0083
enron1020000,2,150,97,8090,4001,0.1627,0.8563,0.2383,0.0267
enron2130000,2,150,47,5946,3019,0.0736,0.507,0.2413,0.0201
enron6400000,2,150,16,3753,1836,0.023,0.2975,0.1785,0.0132
enron7990000,2,150,13,3405,1594,0.0178,0.2646,0.1588,0.009
enron5700000,2,150,18,3914,1898,0.0257,0.3167,0.1778,0.0138
enron640000,2,150,154,9759,4644,0.2403,1.1828,0.2608,0.0587
enron710000,2,150,139,9382,4564,0.2438,1.0814,0.2587,0.0321
enron670000,2,150,147,9610,4643,0.2329,1.1415,0.2788,0.0309
enron4870000,2,150,21,4179,2087,0.0299,0.3314,0.1925,0.0146
enron5000000,2,150,20,4230,2162,0.0318,0.3519,0.2049,0.0154
enron4240000,2,150,24,4492,2285,0.0364,0.3787,0.1977,0.0127
enron1350000,2,150,73,7311,3756,0.1287,0.7385,0.2364,0.0247
enron2010000,2,150,49,6157,3177,0.0831,0.5446,0.2178,0.02
enron8220000,2,150,12,3352,1546,0.0162,0.2857,0.1541,0.0098
enron2800000,2,150,36,5310,2732,0.0586,0.4589,0.2117,0.0177
enron7060000,2,150,14,3656,1802,0.0219,0.2969,0.1935,0.01
enron3010000,2,150,33,5133,2641,0.0871,0.4318,0.2025,0.015
enron1920000,2,150,52,6330,3297,0.0879,0.5616,0.2287,0.0211
enron8720000,2,150,12,3263,1499,0.0157,0.2538,0.1503,0.0118
enron2540000,2,150,39,5511,2799,0.0621,0.4557,0.1987,0.0489
enron1510000,2,150,66,6932,3549,0.1102,0.6462,0.2326,0.0231
enron8150000,2,150,13,3386,1591,0.0169,0.26,0.1619,0.009
enron9710000,2,150,11,3152,1418,0.0145,0.2641,0.1445,0.0082
enron6210000,2,150,16,3734,1778,0.0221,0.2894,0.1648,0.0117
enron3800000,2,150,26,4694,2421,0.0432,0.389,0.2198,0.0152
enron6190000,2,150,16,3753,1793,0.0225,0.2875,0.1662,0.0118
enron8210000,2,150,12,3349,1538,0.0189,0.2481,0.1554,0.0459
enron3910000,2,150,26,4608,2311,0.0378,0.3711,0.1921,0.0148
enron7690000,2,150,13,3464,1628,0.0188,0.2699,0.1751,0.0117
enron9590000,2,150,11,3217,1476,0.0152,0.2447,0.1536,0.011
enron3390000,2,150,29,4867,2443,0.0705,0.4061,0.1954,0.0141
enron4040000,2,150,25,4576,2331,0.0393,0.3698,0.2014,0.0149
enron2850000,2,150,35,5233,2647,0.0544,0.4453,0.2021,0.0161
enron100000,2,150,983,15769,4354,0.4431,4.4986,0.3659,0.0501
enron9120000,2,150,11,3175,1408,0.017,0.2562,0.1486,0.009
enron740000,2,150,133,9230,4488,0.2092,1.0544,0.2535,0.031
enron5480000,2,150,18,3966,1967,0.0277,0.3185,0.1852,0.0367
enron3210000,2,150,31,5038,2578,0.048,0.4223,0.2071,0.0155
enron3810000,2,150,26,4695,2424,0.0413,0.3976,0.2124,0.0169
enron5820000,2,150,17,3853,1886,0.0251,0.3139,0.1974,0.0109
enron5630000,2,150,18,3924,1899,0.0251,0.3091,0.1736,0.0135
enron3300000,2,150,30,5008,2600,0.0492,0.433,0.2182,0.0146
enron4560000,2,150,22,4326,2179,0.0322,0.3512,0.1943,0.0154
enron2570000,2,150,39,5547,2892,0.0645,0.4987,0.2183,0.0172
enron6460000,2,150,16,3732,1825,0.0239,0.3014,0.1804,0.0101
enron5440000,2,150,19,3979,1987,0.0274,0.3165,0.1898,0.0139
enron3520000,2,150,28,4820,2461,0.0452,0.3982,0.1973,0.0435
enron580000,2,150,170,10121,4805,0.2659,1.2665,0.2926,0.0356
enron8540000,2,150,12,3348,1562,0.0163,0.2615,0.1617,0.0113
enron1470000,2,150,67,7002,3532,0.1122,0.6442,0.2189,0.0221
enron1360000,2,150,73,7237,3667,0.1221,0.71,0.2281,0.0232
enron3990000,2,150,25,4584,2358,0.0399,0.3818,0.2089,0.0131
enron1110000,2,150,89,7909,4010,0.1538,0.792,0.2405,0.0626
enron9310000,2,150,11,3190,1422,0.0141,0.241,0.145,0.0081
enron4600000,2,150,22,4218,2053,0.0301,0.3343,0.1837,0.0119
enron2990000,2,150,33,5099,2574,0.051,0.4177,0.1981,0.0474
enron2650000,2,150,38,5445,2819,0.0625,0.452,0.2099,0.018
enron4730000,2,150,21,4294,2190,0.0327,0.3495,0.2007,0.0137
enron3170000,2,150,32,5106,2653,0.0501,0.4333,0.2169,0.0475
enron8240000,2,150,12,3353,1548,0.0162,0.2549,0.1555,0.0087
enron3040000,2,150,33,5167,2681,0.0531,0.4355,0.2149,0.0152
enron2680000,2,150,37,5447,2803,0.0912,0.4659,0.2163,0.0164
enron5780000,2,150,18,3859,1880,0.0245,0.2979,0.1737,0.0133
enron4860000,2,150,21,4181,2092,0.0301,0.3356,0.1879,0.0136
enron8770000,2,150,12,3296,1535,0.0156,0.256,0.1594,0.0085
enron5670000,2,150,18,3912,1894,0.0281,0.3101,0.1767,0.0342
enron9390000,2,150,11,3191,1415,0.0143,0.2364,0.1404,0.0084
enron320000,2,150,308,12133,4775,0.3537,1.9543,0.2714,0.0417
enron6350000,2,150,16,3747,1822,0.0234,0.2912,0.1824,0.0104
enron9950000,2,150,10,3142,1411,0.0135,0.2377,0.147,0.0082
enron1550000,2,150,64,6827,3462,0.1283,0.6351,0.2195,0.0222
enron890000,2,150,111,8576,4202,0.1908,0.9684,0.2632,0.0293
enron4430000,2,150,23,4405,2263,0.0354,0.4185,0.2067,0.0131
enron4930000,2,150,20,4194,2110,0.0291,0.3435,0.1913,0.0137
enron2330000,2,150,43,5784,2982,0.0697,0.5096,0.217,0.0182
enron1950000,2,150,51,6202,3162,0.0908,0.5965,0.275,0.0204
enron4950000,2,150,20,4234,2157,0.0331,0.428,0.218,0.0164
enron8310000,2,150,12,3353,1543,0.0165,0.2593,0.1565,0.0117
enron6540000,2,150,16,3686,1771,0.0234,0.2849,0.1705,0.0375
enron1600000,2,150,62,6809,3549,0.1091,0.6198,0.2359,0.0228
enron7280000,2,150,14,3526,1657,0.0182,0.2749,0.1613,0.0092
enron490000,2,150,201,10699,4886,0.2842,1.4828,0.2727,0.0346
enron7410000,2,150,14,3485,1624,0.0179,0.2651,0.1575,0.0093
enron2400000,2,150,41,5688,2916,0.0639,0.5153,0.2109,0.0176
enron7340000,2,150,14,3490,1617,0.0176,0.2642,0.1518,0.0093
enron9610000,2,150,11,3225,1486,0.0146,0.2533,0.1531,0.0082
enron6530000,2,150,16,3693,1782,0.0223,0.2948,0.1721,0.0106
enron1960000,2,150,51,6243,3228,0.0863,0.5949,0.2354,0.0207
enron4910000,2,150,21,4175,2090,0.0303,0.3388,0.1871,0.012
enron4020000,2,150,25,4585,2351,0.0397,0.3778,0.2386,0.0145
enron6360000,2,150,16,3752,1830,0.0229,0.2889,0.1736,0.0129
enron1560000,2,150,63,6812,3465,0.1068,0.625,0.2231,0.0219
enron2670000,2,150,37,5449,2813,0.0602,0.4743,0.217,0.0495
enron9790000,2,150,11,3131,1403,0.0147,0.231,0.1432,0.011
enron3580000,2,150,28,4857,2523,0.0459,0.4014,0.2121,0.015
enron2890000,2,150,35,5261,2736,0.0581,0.4677,0.2397,0.0164
enron5930000,2,150,17,3890,1948,0.0249,0.312,0.1894,0.0135
enron1120000,2,150,88,7800,3897,0.1455,0.7741,0.2296,0.0246
enron3370000,2,150,30,4874,2439,0.0432,0.422,0.1952,0.0155
enron1430000,2,150,69,7056,3554,0.1116,0.6581,0.225,0.0232
enron7390000,2,150,14,3464,1596,0.0523,0.2613,0.1509,0.0093
enron8970000,2,150,11,3207,1449,0.017,0.237,0.1457,0.0087
enron8430000,2,150,12,3352,1552,0.018,0.2562,0.1567,0.0087
enron5010000,2,150,20,4258,2203,0.0323,0.3579,0.2128,0.015
enron2690000,2,150,37,5434,2789,0.059,0.4591,0.2302,0.0176
enron1850000,2,150,54,6351,3257,0.0911,0.5636,0.2183,0.0197
enron9940000,2,150,10,3144,1414,0.0142,0.2383,0.1484,0.008
enron5940000,2,150,17,3885,1940,0.0259,0.3144,0.2241,0.0106
enron9510000,2,150,11,3222,1469,0.0158,0.2463,0.1552,0.0106
enron9980000,2,150,10,3153,1424,0.0134,0.2346,0.1496,0.0106
enron4490000,2,150,22,4375,2208,0.0333,0.3581,0.1969,0.0153
enron8510000,2,150,12,3353,1566,0.0168,0.2595,0.1616,0.0116
enron9040000,2,150,11,3187,1429,0.0137,0.2345,0.1436,0.0119
enron1700000,2,150,58,6583,3374,0.0974,0.6252,0.2255,0.0215
enron7530000,2,150,14,3459,1601,0.0178,0.2662,0.1542,0.0093
enron1450000,2,150,68,7027,3588,0.1436,0.6604,0.2302,0.0235
enron9920000,2,150,10,3162,1442,0.0141,0.2397,0.1546,0.0087
enron2610000,2,150,38,5536,2872,0.0623,0.4675,0.2139,0.0174
enron5620000,2,150,18,3943,1927,0.0258,0.3127,0.2106,0.0107
enron4050000,2,150,25,4584,2339,0.0386,0.3781,0.1999,0.0138
enron6830000,2,150,15,3641,1757,0.0218,0.2831,0.1689,0.0097
enron620000,2,150,159,9870,4748,0.2502,1.2032,0.2769,0.058
enron9830000,2,150,10,3136,1407,0.0134,0.2327,0.1481,0.0104
enron7660000,2,150,13,3456,1626,0.0199,0.2676,0.1669,0.0094
enron5730000,2,150,18,3938,1940,0.0258,0.3264,0.213,0.0137
enron750000,2,150,132,9177,4471,0.208,1.0426,0.2609,0.0311
enron4440000,2,150,23,4417,2280,0.0637,0.3748,0.2088,0.0128
enron5540000,2,150,18,3981,1987,0.0274,0.3273,0.1888,0.0124
enron1490000,2,150,66,6976,3574,0.1134,0.6559,0.2271,0.0233
enron250000,2,150,394,12914,4561,0.3591,2.4973,0.2837,0.0416
enron7910000,2,150,13,3415,1593,0.0186,0.2802,0.1675,0.0102
enron4940000,2,150,20,4217,2133,0.0309,0.3434,0.1997,0.0121
enron6130000,2,150,17,3865,1895,0.0237,0.3104,0.1908,0.0105
enron1540000,2,150,64,6866,3526,0.1103,0.6338,0.2346,0.0596
enron3450000,2,150,29,4917,2545,0.0466,0.4155,0.2199,0.0159
enron3630000,2,150,28,4780,2456,0.0444,0.4025,0.2124,0.0138
enron3980000,2,150,25,4564,2327,0.0393,0.4051,0.2006,0.0191
enron6450000,2,150,16,3742,1832,0.0235,0.2971,0.1799,0.0102
enron9170000,2,150,11,3173,1402,0.0135,0.2397,0.142,0.0081
enron8730000,2,150,12,3265,1506,0.0155,0.2471,0.1521,0.0085
enron9770000,2,150,11,3136,1406,0.0141,0.2292,0.1456,0.0108
enron500000,2,150,197,10600,4843,0.2831,1.3969,0.2737,0.0358
enron8560000,2,150,12,3354,1572,0.0181,0.261,0.1853,0.0089
enron8780000,2,150,12,3291,1528,0.0158,0.252,0.1589,0.0109
enron6200000,2,150,16,3735,1779,0.0224,0.2909,0.1671,0.0127
enron9180000,2,150,11,3169,1396,0.0136,0.2306,0.1399,0.0115
enron4200000,2,150,24,4479,2256,0.0366,0.37,0.2038,0.0127
enron2110000,2,150,47,6051,3149,0.0815,0.5506,0.2245,0.0205
enron1940000,2,150,51,6145,3104,0.0837,0.5395,0.2089,0.0194
enron5030000,2,150,20,4215,2157,0.034,0.3461,0.202,0.0461
enron970000,2,150,102,8256,4081,0.1675,0.8574,0.2356,0.027
enron2340000,2,150,42,5777,3008,0.0718,0.4968,0.2218,0.0485
enron5240000,2,150,19,4068,1995,0.0278,0.3271,0.1818,0.0143
enron3470000,2,150,29,4840,2465,0.0438,0.4062,0.2105,0.0163
enron3330000,2,150,30,5022,2627,0.0509,0.4244,0.2205,0.0475
enron8200000,2,150,12,3361,1556,0.0161,0.2532,0.1566,0.0089
enron4660000,2,150,22,4298,2167,0.0315,0.3537,0.2047,0.0133
enron4700000,2,150,21,4297,2188,0.0343,0.3506,0.2056,0.0138
enron1740000,2,150,57,6480,3316,0.0937,0.6246,0.2231,0.0213
enron1840000,2,150,54,6393,3269,0.088,0.5681,0.2183,0.0201
enron2930000,2,150,34,5284,2752,0.0636,0.4742,0.2154,0.0181
enron9880000,2,150,10,3157,1436,0.0136,0.2386,0.1507,0.0104
enron7210000,2,150,14,3626,1768,0.0206,0.2923,0.1858,0.0124
enron6010000,2,150,17,3841,1866,0.0256,0.3053,0.1766,0.0109
enron8580000,2,150,12,3364,1584,0.0169,0.2869,0.1663,0.0098
enron9280000,2,150,11,3182,1407,0.0143,0.2362,0.1418,0.0109
enron2790000,2,150,36,5408,2838,0.0601,0.457,0.2228,0.0172
enron5510000,2,150,18,3967,1963,0.0259,0.316,0.1837,0.011
enron3000000,2,150,33,5107,2586,0.0522,0.4568,0.194,0.0147
enron6270000,2,150,16,3738,1809,0.0226,0.2891,0.1699,0.0131
enron1400000,2,150,71,7129,3628,0.1179,0.6694,0.2563,0.0236
enron9440000,2,150,11,3205,1441,0.0149,0.2432,0.1468,0.0083
enron3230000,2,150,31,4974,2515,0.048,0.4061,0.1963,0.0186
enron3190000,2,150,31,5096,2634,0.0501,0.4288,0.2455,0.0168
enron6060000,2,150,17,3852,1887,0.0256,0.3106,0.1852,0.0104
enron3340000,2,150,30,4984,2587,0.0494,0.4228,0.2186,0.0156
enron9720000,2,150,11,3148,1416,0.0149,0.2387,0.1467,0.0107
enron6230000,2,150,16,3732,1779,0.0221,0.2911,0.2002,0.0127
enron5960000,2,150,17,3866,1905,0.0258,0.3137,0.1844,0.0105
enron3530000,2,150,28,4839,2485,0.0457,0.4048,0.2078,0.0161
enron700000,2,150,141,9410,4550,0.2286,1.1198,0.2656,0.0628
enron1040000,2,150,95,8065,4024,0.1575,0.839,0.2563,0.026
enron7260000,2,150,14,3549,1689,0.0188,0.2788,0.1693,0.0109
enron860000,2,150,115,8701,4292,0.1947,0.9321,0.2421,0.0298
enron2280000,2,150,44,5874,3058,0.0729,0.556,0.2235,0.019
enron4820000,2,150,21,4172,2066,0.0315,0.3364,0.1858,0.0147
enron5550000,2,150,18,3987,1983,0.0279,0.3252,0.1879,0.0133
enron7130000,2,150,14,3630,1771,0.0207,0.3201,0.1807,0.0106
enron2420000,2,150,41,5683,2943,0.0661,0.4921,0.2221,0.0194
enron4920000,2,150,20,4159,2069,0.0284,0.3288,0.1853,0.0146
enron8820000,2,150,12,3292,1537,0.017,0.254,0.1893,0.0086
enron1210000,2,150,82,7610,3837,0.1374,0.7448,0.232,0.0253
enron2160000,2,150,46,5978,3079,0.0743,0.527,0.246,0.0184
enron6030000,2,150,17,3826,1851,0.0255,0.2986,0.1752,0.0105
enron5090000,2,150,20,4103,2041,0.0287,0.3281,0.1877,0.0114
enron1650000,2,150,60,6653,3382,0.0966,0.601,0.2518,0.0222
enron3710000,2,150,27,4730,2393,0.0399,0.3812,0.1965,0.0167
enron3460000,2,150,29,4905,2530,0.0456,0.4161,0.2171,0.0158
enron9200000,2,150,11,3174,1400,0.0162,0.2336,0.1425,0.008
enron3270000,2,150,31,4968,2565,0.049,0.4359,0.2058,0.0169
enron3730000,2,150,27,4708,2386,0.0402,0.3847,0.1983,0.0166
enron2320000,2,150,43,5752,2939,0.0689,0.495,0.2423,0.0194
enron4470000,2,150,22,4397,2237,0.0355,0.361,0.2009,0.0124
enron6080000,2,150,17,3856,1886,0.0237,0.3073,0.1812,0.0104
enron2750000,2,150,36,5366,2748,0.0578,0.459,0.2498,0.017
enron1330000,2,150,74,7347,3775,0.1299,0.7088,0.2368,0.0242
enron8950000,2,150,11,3222,1461,0.014,0.2429,0.1514,0.0082
enron430000,2,150,229,11152,4890,0.305,1.6393,0.2745,0.0359
enron3480000,2,150,29,4808,2452,0.0447,0.3963,0.2299,0.0141
enron6760000,2,150,15,3631,1738,0.0205,0.2767,0.1659,0.0112
enron8500000,2,150,12,3366,1580,0.017,0.2587,0.1659,0.0118
enron3070000,2,150,33,5166,2655,0.0537,0.4342,0.2096,0.0166
enron3660000,2,150,27,4720,2400,0.0438,0.3903,0.1973,0.0506
enron8740000,2,150,12,3273,1515,0.0158,0.2472,0.1535,0.0109
enron1030000,2,150,96,8165,4113,0.1646,0.841,0.2684,0.0272
enron9090000,2,150,11,3171,1406,0.0135,0.2357,0.1437,0.0104
enron8290000,2,150,12,3351,1541,0.0175,0.2518,0.1546,0.0088
enron4840000,2,150,21,4179,2080,0.0316,0.3316,0.1912,0.0147
enron7040000,2,150,14,3651,1796,0.0228,0.2933,0.1906,0.0126
enron4010000,2,150,25,4600,2375,0.0419,0.3824,0.2076,0.0398
enron7600000,2,150,13,3440,1595,0.0186,0.2661,0.1635,0.0118
enron4110000,2,150,24,4532,2307,0.0376,0.3724,0.1994,0.0144
enron7120000,2,150,14,3626,1769,0.0213,0.2873,0.181,0.0101
enron4370000,2,150,23,4379,2211,0.0346,0.3559,0.1976,0.0372
enron3600000,2,150,28,4844,2504,0.0453,0.4064,0.2157,0.0154
enron9220000,2,150,11,3176,1398,0.0138,0.234,0.1426,0.0084
enron3410000,2,150,29,4864,2435,0.0438,0.3925,0.2154,0.0165
enron450000,2,150,219,11043,4998,0.3078,1.5248,0.2821,0.0377
enron4460000,2,150,23,4425,2280,0.0351,0.4,0.2087,0.014
enron5520000,2,150,18,3964,1956,0.0262,0.3115,0.1863,0.0137
enron210000,2,150,468,13374,4313,0.3623,2.8583,0.2779,0.0598
enron5690000,2,150,18,3899,1877,0.0256,0.3044,0.174,0.0143
enron6650000,2,150,15,3702,1805,0.0237,0.2974,0.1753,0.011
enron7820000,2,150,13,3482,1655,0.0184,0.2989,0.177,0.0118
enron1800000,2,150,55,6462,3319,0.091,0.5837,0.2268,0.0203
